,,,,,,,,Tackles,Tackles,Tackles,Tackles,Tackles,Vs Dribbles,Vs Dribbles,Vs Dribbles,Vs Dribbles,Pressures,Pressures,Pressures,Pressures,Pressures,Pressures,Blocks,Blocks,Blocks,Blocks,,,,
Rk,Player,Nation,Pos,Squad,Age,Born,90s,Tkl,TklW,Def 3rd,Mid 3rd,Att 3rd,Tkl,Att,Tkl%,Past,Press,Succ,%,Def 3rd,Mid 3rd,Att 3rd,Blocks,Sh,ShSv,Pass,Int,Clr,Err,Matches
1,Patrick van Aanholt\Patrick-van-Aanholt,nl NED,DF,Crystal Palace,28,1990,26.9,50,32,32,16,2,21,51,41.2,30,259,71,27.4,155,68,36,54,12,1,42,43,67,3,Matches
2,Max Aarons\Max-Aarons,eng ENG,DF,Norwich City,19,2000,34.0,61,35,38,16,7,20,43,46.5,23,462,131,28.4,262,138,62,83,27,1,56,32,79,0,Matches
3,Tammy Abraham\Tammy-Abraham,eng ENG,FW,Chelsea,21,1997,24.1,14,10,4,5,5,4,15,26.7,11,420,126,30.0,19,165,236,23,5,0,18,5,26,0,Matches
4,Che Adams\Che-Adams,eng ENG,FW,Southampton,23,1996,10.6,7,5,2,3,2,0,5,0.0,5,219,54,24.7,8,93,118,7,1,0,6,2,8,0,Matches
5,Adrián\Adrian,es ESP,GK,Liverpool,32,1987,9.7,0,0,0,0,0,0,1,0.0,1,2,0,0.0,2,0,0,0,0,0,0,0,0,2,Matches
6,Sergio Agüero\Sergio-Aguero,ar ARG,FW,Manchester City,31,1988,16.1,7,5,0,4,3,1,6,16.7,5,222,56,25.2,13,74,135,15,2,0,13,3,3,0,Matches
7,Albian Ajeti\Albian-Ajeti,ch SUI,MFFW,West Ham,22,1997,1.5,1,0,0,0,1,0,0,,0,21,1,4.8,3,6,12,0,0,0,0,1,0,0,Matches
8,Nathan Aké\Nathan-Ake,nl NED,DF,Bournemouth,24,1995,27.8,25,11,20,5,0,7,24,29.2,17,222,66,29.7,146,66,10,59,30,0,29,33,176,1,Matches
9,Marc Albrighton\Marc-Albrighton,eng ENG,MFDF,Leicester City,29,1989,8.8,19,8,9,9,1,4,25,16.0,21,175,57,32.6,41,86,48,17,1,0,16,6,6,0,Matches
10,Toby Alderweireld\Toby-Alderweireld,be BEL,DF,Tottenham,30,1989,29.9,39,21,22,14,3,14,36,38.9,22,236,77,32.6,154,73,9,66,32,1,34,24,217,3,Matches
11,Trent Alexander-Arnold\Trent-Alexander-Arnold,eng ENG,DF,Liverpool,20,1998,33.2,56,23,35,15,6,34,83,41.0,49,394,122,31.0,184,120,90,51,9,0,42,43,91,2,Matches
12,Alisson\Alisson,br BRA,GK,Liverpool,26,1992,25.3,0,0,0,0,0,0,2,0.0,2,4,1,25.0,4,0,0,0,0,0,0,1,2,1,Matches
13,Dele Alli\Dele-Alli,eng ENG,MFFW,Tottenham,23,1996,20.4,40,28,10,23,7,8,32,25.0,24,475,133,28.0,107,232,136,52,7,0,45,13,16,0,Matches
14,Miguel Almirón\Miguel-Almiron,py PAR,FWMF,Newcastle Utd,25,1994,30.9,49,27,26,15,8,8,36,22.2,28,676,160,23.7,214,258,204,43,1,0,42,29,14,0,Matches
15,Marcos Alonso\Marcos-Alonso,es ESP,DF,Chelsea,28,1990,13.9,22,15,14,5,3,5,26,19.2,21,182,77,42.3,78,67,37,27,1,0,26,19,42,0,Matches
16,Steven Alzate\Steven-Alzate,co COL,MFDF,Brighton,20,1998,13.2,28,23,23,3,2,10,22,45.5,12,235,77,32.8,99,94,42,26,3,0,23,13,14,0,Matches
17,Ibrahim Amadou\Ibrahim-Amadou,fr FRA,DFMF,Norwich City,26,1993,8.4,21,7,12,8,1,3,11,27.3,8,107,26,24.3,64,40,3,8,6,0,2,17,58,1,Matches
18,Felipe Anderson\Felipe-Anderson,br BRA,MFFW,West Ham,26,1993,16.6,45,30,20,18,7,11,48,22.9,37,370,104,28.1,92,189,89,21,1,0,20,21,14,0,Matches
19,Florin Andone\Florin-Andone,ro ROU,MFFW,Brighton,26,1993,0.8,2,2,0,1,1,0,0,,0,7,1,14.3,1,3,3,1,1,0,0,0,1,0,Matches
20,Angeliño\Angelino,es ESP,DF,Manchester City,22,1997,4.7,8,5,4,3,1,5,6,83.3,1,47,18,38.3,14,25,8,4,0,0,4,9,18,0,Matches
21,Faustino Anjorin\Faustino-Anjorin,eng ENG,FW,Chelsea,17,2001,0.2,1,0,1,0,0,0,0,,0,2,1,50.0,0,2,0,1,0,0,1,0,0,0,Matches
22,Michail Antonio\Michail-Antonio,eng ENG,FWMF,West Ham,29,1990,17.3,13,9,4,4,5,2,11,18.2,9,301,69,22.9,23,139,139,24,5,0,19,9,8,0,Matches
23,Stuart Armstrong\Stuart-Armstrong,sco SCO,MF,Southampton,27,1992,17.6,47,23,26,14,7,13,43,30.2,30,393,122,31.0,111,181,101,22,4,0,18,10,22,1,Matches
24,Kepa Arrizabalaga\Kepa-Arrizabalaga,es ESP,GK,Chelsea,24,1994,32.0,0,0,0,0,0,0,2,0.0,2,2,0,0.0,2,0,0,0,0,0,0,1,1,2,Matches
25,Christian Atsu\Christian-Atsu,gh GHA,FWMF,Newcastle Utd,27,1992,8.3,12,9,4,6,2,4,15,26.7,11,243,47,19.3,98,105,40,28,1,0,27,2,6,0,Matches
26,Pierre-Emerick Aubameyang\Pierre-Emerick-Aubameyang,ga GAB,FW,Arsenal,30,1989,32.5,35,22,13,12,10,11,44,25.0,33,547,124,22.7,104,242,201,56,2,0,54,9,16,0,Matches
27,Serge Aurier\Serge-Aurier,ci CIV,DF,Tottenham,26,1992,27.0,86,49,57,23,6,28,55,50.9,27,473,142,30.0,231,172,70,51,6,0,45,37,98,0,Matches
28,Jordan Ayew\Jordan-Ayew,gh GHA,FWMF,Crystal Palace,27,1991,32.0,48,25,15,17,16,12,39,30.8,27,964,209,21.7,171,488,305,33,5,0,28,13,17,0,Matches
29,César Azpilicueta\Cesar-Azpilicueta,es ESP,DF,Chelsea,29,1989,33.9,93,60,48,34,11,36,69,52.2,33,517,168,32.5,228,201,88,74,17,0,57,65,135,0,Matches
30,Eric Bailly\Eric-Bailly,ci CIV,DF,Manchester Utd,25,1994,1.7,0,0,0,0,0,0,1,0.0,1,17,4,23.5,10,7,0,3,3,0,0,3,7,0,Matches
31,Leighton Baines\Leighton-Baines,eng ENG,DF,Everton,34,1984,4.3,10,6,7,2,1,2,7,28.6,5,49,13,26.5,27,10,12,11,2,0,9,5,12,0,Matches
32,Fabián Balbuena\Fabian-Balbuena,py PAR,DF,West Ham,27,1991,13.1,18,11,14,3,1,6,26,23.1,20,116,40,34.5,91,22,3,27,7,0,20,26,93,1,Matches
33,George Baldock\George-Baldock,eng ENG,DF,Sheffield Utd,26,1993,35.0,66,41,39,15,12,22,43,51.2,21,513,142,27.7,220,188,105,55,4,0,51,34,78,3,Matches
34,Phil Bardsley\Phil-Bardsley,sco SCO,DF,Burnley,34,1985,18.0,48,28,18,23,7,16,27,59.3,11,201,52,25.9,90,96,15,38,11,1,27,22,76,0,Matches
35,Ross Barkley\Ross-Barkley,eng ENG,MF,Chelsea,25,1993,12.2,16,11,6,8,2,4,17,23.5,13,165,45,27.3,17,93,55,11,3,1,8,8,12,0,Matches
36,Ashley Barnes\Ashley-Barnes,at AUT,FW,Burnley,29,1989,15.0,6,4,1,3,2,2,13,15.4,11,275,63,22.9,20,121,134,17,4,0,13,6,14,0,Matches
37,Harvey Barnes\Harvey-Barnes,eng ENG,MF,Leicester City,21,1997,21.2,22,12,10,9,3,7,26,26.9,19,315,83,26.3,67,146,102,21,4,0,17,5,6,1,Matches
38,Chris Basham\Chris-Basham,eng ENG,DF,Sheffield Utd,31,1988,33.6,76,45,53,19,4,29,69,42.0,40,377,124,32.9,242,104,31,50,15,1,35,68,248,2,Matches
39,Borja Bastón\Borja-Baston,es ESP,MFFW,Aston Villa,26,1992,0.2,0,0,0,0,0,0,2,0.0,2,10,1,10.0,0,9,1,1,0,0,1,0,1,1,Matches
40,Michy Batshuayi\Michy-Batshuayi,be BEL,FW,Chelsea,25,1993,2.7,2,1,2,0,0,0,2,0.0,2,72,17,23.6,5,34,33,4,2,0,2,0,1,0,Matches
41,Jan Bednarek\Jan-Bednarek,pl POL,DF,Southampton,23,1996,33.0,69,38,46,16,7,32,72,44.4,40,315,100,31.7,203,99,13,60,26,0,34,70,324,4,Matches
42,Héctor Bellerín\Hector-Bellerin,es ESP,DF,Arsenal,24,1995,12.9,24,17,12,8,4,9,31,29.0,22,183,46,25.1,71,87,25,28,4,0,24,18,34,0,Matches
43,Ryan Bennett\Ryan-Bennett,eng ENG,DF,Leicester City,29,1990,2.2,3,0,1,2,0,3,4,75.0,1,24,4,16.7,9,13,2,1,0,0,1,6,7,0,Matches
44,Ryan Bennett\Ryan-Bennett,eng ENG,DF,Wolves,29,1990,6.7,4,3,4,0,0,2,7,28.6,5,61,15,24.6,41,19,1,15,7,0,8,9,45,1,Matches
45,Nabil Bentaleb\Nabil-Bentaleb,dz ALG,MF,Newcastle Utd,24,1994,5.9,21,15,13,8,0,7,18,38.9,11,129,45,34.9,52,67,10,11,2,0,9,15,10,0,Matches
46,Christian Benteke\Christian-Benteke,be BEL,FW,Crystal Palace,28,1990,14.0,9,5,0,6,3,1,8,12.5,7,178,49,27.5,4,70,104,14,6,0,8,4,25,0,Matches
47,Jóhann Berg Guðmundsson\Johann-Berg-Gudmundsson,is ISL,MF,Burnley,28,1990,4.7,4,3,1,0,3,1,5,20.0,4,66,13,19.7,22,22,22,7,1,0,6,5,6,0,Matches
48,Sander Berge\Sander-Berge,no NOR,MF,Sheffield Utd,21,1998,8.0,19,12,4,11,4,4,10,40.0,6,188,45,23.9,40,98,50,21,0,0,21,8,10,0,Matches
49,Steven Bergwijn\Steven-Bergwijn,nl NED,FWMF,Tottenham,21,1997,6.9,4,3,0,3,1,2,7,28.6,5,102,28,27.5,21,58,23,11,0,0,11,3,7,0,Matches
50,Bernard\Bernard,br BRA,MFFW,Everton,26,1992,13.3,25,14,9,10,6,6,37,16.2,31,259,65,25.1,59,139,61,29,1,0,28,14,7,0,Matches
51,Bernardo\Bernardo,br BRA,DF,Brighton,24,1995,7.3,28,16,14,5,9,12,19,63.2,7,124,43,34.7,55,45,24,15,3,0,12,5,24,0,Matches
52,Ryan Bertrand\Ryan-Bertrand,eng ENG,DF,Southampton,29,1989,28.5,48,28,20,19,9,19,52,36.5,33,371,139,37.5,132,157,82,50,12,0,38,28,72,1,Matches
53,Muhamed Bešić\Muhamed-Besic,ba BIH,MF,Sheffield Utd,26,1992,2.8,9,6,6,3,0,2,6,33.3,4,71,17,23.9,29,33,9,4,0,0,4,2,5,0,Matches
54,Philip Billing\Philip-Billing,dk DEN,MF,Bournemouth,23,1996,25.9,73,45,28,37,8,17,64,26.6,47,643,153,23.8,202,353,88,79,16,0,63,65,115,1,Matches
55,Yves Bissouma\Yves-Bissouma,ml MLI,MF,Brighton,22,1996,12.1,53,33,32,19,2,18,35,51.4,17,281,85,30.2,109,135,37,20,4,0,16,20,17,0,Matches
56,Willy Boly\Willy-Boly,fr FRA,DF,Wolves,28,1991,19.0,51,32,36,14,1,20,44,45.5,24,244,90,36.9,166,74,4,42,13,0,29,35,116,1,Matches
57,Gaëtan Bong\Gaetan-Bong,cm CMR,MFDF,Brighton,31,1988,0.7,0,0,0,0,0,0,0,,0,12,7,58.3,6,4,2,2,1,0,1,0,0,0,Matches
58,Sofiane Boufal\Sofiane-Boufal,ma MAR,MFFW,Southampton,25,1993,8.5,21,12,10,8,3,3,13,23.1,10,218,71,32.6,54,94,70,17,0,0,17,3,2,0,Matches
59,Jarrod Bowen\Jarrod-Bowen,eng ENG,FWMF,West Ham,22,1996,7.8,18,12,5,8,5,5,15,33.3,10,146,35,24.0,57,55,34,14,0,0,14,12,4,0,Matches
60,Robbie Brady\Robbie-Brady,ie IRL,MF,Burnley,27,1992,4.5,8,4,5,3,0,1,7,14.3,6,116,24,20.7,41,49,26,9,1,0,8,3,8,0,Matches
61,Jarrad Branthwaite\Jarrad-Branthwaite,eng ENG,DF,Everton,17,2002,0.5,1,1,0,1,0,0,2,0.0,2,7,2,28.6,2,5,0,0,0,0,0,0,2,0,Matches
62,Claudio Bravo\Claudio-Bravo,cl CHI,GK,Manchester City,36,1983,3.9,0,0,0,0,0,0,0,,0,0,0,,0,0,0,0,0,0,0,0,0,1,Matches
63,Armando Broja\Armando-Broja,al ALB,FW,Chelsea,17,2001,0.1,0,0,0,0,0,0,0,,0,3,0,0.0,0,2,1,0,0,0,0,0,0,0,Matches
64,David Brooks\David-Brooks,wal WAL,MF,Bournemouth,22,1997,4.2,3,2,0,1,2,0,11,0.0,11,75,17,22.7,21,35,19,4,1,0,3,0,2,0,Matches
65,Josh Brownhill\Josh-Brownhill,eng ENG,MF,Burnley,23,1995,6.0,11,5,5,4,2,1,4,25.0,3,74,23,31.1,28,37,9,8,3,0,5,11,12,0,Matches
66,Emi Buendía\Emi-Buendia,ar ARG,FWMF,Norwich City,22,1996,27.0,88,58,62,18,8,26,109,23.9,83,776,207,26.7,301,328,147,69,5,1,64,22,29,1,Matches
67,Dan Burn\Dan-Burn,eng ENG,DF,Brighton,27,1992,29.0,57,34,31,20,6,21,51,41.2,30,424,151,35.6,224,148,52,62,20,0,42,34,121,0,Matches
68,Sam Byram\Sam-Byram,eng ENG,DF,Norwich City,25,1993,14.4,46,23,28,11,7,24,49,49.0,25,236,74,31.4,126,83,27,50,10,0,40,24,75,0,Matches
69,Willy Caballero\Willy-Caballero,ar ARG,GK,Chelsea,37,1981,4.0,0,0,0,0,0,0,0,,0,0,0,,0,0,0,0,0,0,0,0,1,0,Matches
70,Gary Cahill\Gary-Cahill,eng ENG,DF,Crystal Palace,33,1985,24.1,18,12,13,5,0,6,15,40.0,9,106,35,33.0,75,23,8,45,24,0,21,18,134,0,Matches
71,Dominic Calvert-Lewin\Dominic-Calvert-Lewin,eng ENG,FW,Everton,22,1997,26.9,15,11,1,9,5,3,17,17.6,14,451,125,27.7,11,181,259,22,5,0,17,6,29,0,Matches
72,Víctor Camarasa\Victor-Camarasa,es ESP,MF,Crystal Palace,25,1994,0.1,0,0,0,0,0,0,0,,0,0,0,,0,0,0,0,0,0,0,0,0,0,Matches
73,João Cancelo\Joao-Cancelo,pt POR,DF,Manchester City,25,1994,11.4,39,22,21,12,6,18,41,43.9,23,157,54,34.4,62,66,29,10,2,0,8,20,25,1,Matches
74,Todd Cantwell\Todd-Cantwell,eng ENG,FWMF,Norwich City,21,1998,25.8,44,30,20,19,5,17,68,25.0,51,527,139,26.4,158,244,125,53,4,0,49,16,32,0,Matches
75,Étienne Capoue\Etienne-Capoue,fr FRA,MF,Watford,31,1988,29.2,80,54,43,31,6,35,90,38.9,55,661,173,26.2,287,293,81,53,10,0,43,62,70,0,Matches
76,Andy Carroll\Andy-Carroll,eng ENG,FW,Newcastle Utd,30,1989,6.6,7,1,3,1,3,2,7,28.6,5,80,25,31.3,13,38,29,7,3,0,4,1,20,0,Matches
77,Jonny Castro\Jonny-Castro,es ESP,DF,Wolves,25,1994,30.4,96,59,59,28,9,34,90,37.8,56,683,200,29.3,309,265,109,74,9,0,65,50,45,2,Matches
78,Craig Cathcart\Craig-Cathcart,nir NIR,DF,Watford,30,1989,27.6,37,26,21,15,1,10,30,33.3,20,195,68,34.9,112,75,8,35,16,1,19,22,193,2,Matches
79,Dani Ceballos\Dani-Ceballos,es ESP,MF,Arsenal,22,1996,16.6,45,26,21,17,7,17,57,29.8,40,408,110,27.0,179,174,55,23,3,0,20,27,19,1,Matches
80,Nathaniel Chalobah\Nathaniel-Chalobah,eng ENG,MF,Watford,24,1994,9.9,31,16,9,16,6,7,25,28.0,18,218,61,28.0,74,108,36,13,5,0,8,16,32,0,Matches
81,Calum Chambers\Calum-Chambers,eng ENG,DF,Arsenal,24,1995,12.2,25,18,14,8,3,9,12,75.0,3,143,51,35.7,77,41,25,21,7,0,14,15,61,0,Matches
82,Ben Chilwell\Ben-Chilwell,eng ENG,DF,Leicester City,22,1996,26.4,51,26,33,14,4,19,59,32.2,40,414,116,28.0,193,159,62,58,9,0,49,28,88,0,Matches
83,Tahith Chong\Tahith-Chong,nl NED,FWMF,Manchester Utd,19,1999,0.4,0,0,0,0,0,0,0,,0,15,4,26.7,4,3,8,0,0,0,0,0,0,0,Matches
84,Hamza Choudhury\Hamza-Choudhury,eng ENG,MF,Leicester City,21,1997,8.9,19,13,8,9,2,5,26,19.2,21,174,58,33.3,75,78,21,20,7,0,13,27,17,0,Matches
85,Andreas Christensen\Andreas-Christensen,dk DEN,DF,Chelsea,23,1996,19.5,41,20,25,13,3,11,24,45.8,13,156,57,36.5,90,62,4,22,9,0,13,31,104,0,Matches
86,Ciaran Clark\Ciaran-Clark,ie IRL,DF,Newcastle Utd,29,1989,13.2,22,12,20,2,0,3,7,42.9,4,122,44,36.1,88,28,6,25,13,0,12,13,98,0,Matches
87,Leon Clarke\Leon-Clarke,eng ENG,MF,Sheffield Utd,34,1985,0.2,0,0,0,0,0,0,0,,0,9,4,44.4,2,5,2,0,0,0,0,0,0,0,Matches
88,Tom Cleverley\Tom-Cleverley,eng ENG,MF,Watford,29,1989,8.7,20,12,6,12,2,9,33,27.3,24,237,70,29.5,70,125,42,15,3,0,12,6,10,0,Matches
89,Conor Coady\Conor-Coady,eng ENG,DF,Wolves,26,1993,35.0,39,21,33,6,0,19,38,50.0,19,187,66,35.3,138,49,0,36,17,0,19,22,149,0,Matches
90,Séamus Coleman\Seamus-Coleman,ie IRL,DF,Everton,30,1988,18.8,46,28,28,15,3,19,30,63.3,11,196,69,35.2,102,72,22,38,8,0,30,24,53,1,Matches
91,Aaron Connolly\Aaron-Connolly,ie IRL,FW,Brighton,19,2000,13.0,8,6,1,4,3,3,12,25.0,9,225,68,30.2,13,89,123,8,1,0,7,0,1,0,Matches
92,Lewis Cook\Lewis-Cook,eng ENG,MF,Bournemouth,22,1997,14.5,26,16,15,9,2,8,40,20.0,32,361,69,19.1,123,185,53,20,6,0,14,21,15,0,Matches
93,Steve Cook\Steve-Cook,eng ENG,DF,Bournemouth,28,1991,24.0,20,11,14,6,0,8,21,38.1,13,149,49,32.9,104,37,8,42,25,0,17,42,206,1,Matches
94,Jack Cork\Jack-Cork,eng ENG,MF,Burnley,30,1989,29.0,39,27,10,21,8,11,65,16.9,54,605,173,28.6,146,347,112,53,12,0,41,29,57,0,Matches
95,Aaron Cresswell\Aaron-Cresswell,eng ENG,DF,West Ham,29,1989,28.5,46,29,24,18,4,23,56,41.1,33,336,110,32.7,175,125,36,62,9,0,53,32,84,2,Matches
96,Patrick Cutrone\Patrick-Cutrone,it ITA,FW,Wolves,21,1998,3.3,6,4,3,1,2,1,5,20.0,4,95,26,27.4,9,43,43,1,1,0,0,2,1,0,Matches
97,Diogo Dalot\Diogo-Dalot,pt POR,DF,Manchester Utd,20,1999,0.7,3,2,3,0,0,2,4,50.0,2,8,4,50.0,3,2,3,1,0,0,1,2,4,0,Matches
98,Charlie Daniels\Charlie-Daniels,eng ENG,DF,Bournemouth,32,1986,1.4,1,0,0,1,0,1,2,50.0,1,26,5,19.2,20,6,0,5,1,0,4,1,4,1,Matches
99,Scott Dann\Scott-Dann,eng ENG,DF,Crystal Palace,32,1987,11.1,10,4,8,2,0,7,11,63.6,4,34,13,38.2,24,10,0,16,5,0,11,12,70,0,Matches
100,Kevin Danso\Kevin-Danso,at AUT,DF,Southampton,20,1998,3.1,8,4,4,4,0,5,8,62.5,3,41,10,24.4,26,13,2,9,4,0,5,3,15,0,Matches
101,Ben Davies\Ben-Davies,wal WAL,DF,Tottenham,26,1993,12.9,26,10,11,12,3,5,19,26.3,14,186,55,29.6,91,76,19,35,10,0,25,19,53,1,Matches
102,Tom Davies\Tom-Davies,eng ENG,MF,Everton,21,1998,20.0,31,14,11,15,5,6,44,13.6,38,394,90,22.8,141,200,53,31,4,0,27,28,27,1,Matches
103,Keinan Davis\Keinan-Davis,eng ENG,FW,Aston Villa,21,1998,5.3,2,2,0,2,0,0,3,0.0,3,82,18,22.0,3,46,33,5,1,0,4,0,2,0,Matches
104,Craig Dawson\Craig-Dawson,eng ENG,DF,Watford,29,1990,23.2,26,17,13,11,2,10,25,40.0,15,164,63,38.4,94,61,9,52,32,1,20,27,148,0,Matches
105,Kevin De Bruyne\Kevin-De-Bruyne,be BEL,MF,Manchester City,28,1991,29.0,40,24,11,17,12,11,57,19.3,46,523,156,29.8,82,218,223,30,2,0,28,17,18,1,Matches
106,Troy Deeney\Troy-Deeney,eng ENG,FW,Watford,31,1988,22.3,24,17,2,14,8,9,28,32.1,19,427,99,23.2,49,212,166,17,2,0,15,11,21,0,Matches
107,Fabian Delph\Fabian-Delph,eng ENG,MF,Everton,29,1989,13.2,29,11,11,11,7,11,32,34.4,21,189,55,29.1,76,87,26,22,6,0,16,16,19,1,Matches
108,Leander Dendoncker\Leander-Dendoncker,be BEL,MFDF,Wolves,24,1995,29.0,62,37,39,16,7,22,59,37.3,37,538,147,27.3,233,243,62,47,12,0,35,37,92,2,Matches
109,Gerard Deulofeu\Gerard-Deulofeu,es ESP,FW,Watford,25,1994,23.3,29,21,15,8,6,13,66,19.7,53,511,133,26.0,113,208,190,16,0,0,16,24,6,0,Matches
110,Eric Dier\Eric-Dier,eng ENG,DFMF,Tottenham,25,1994,13.9,25,14,13,10,2,6,22,27.3,16,198,53,26.8,88,92,18,26,11,0,15,16,71,0,Matches
111,Lucas Digne\Lucas-Digne,fr FRA,DF,Everton,26,1993,30.9,83,37,56,20,7,29,63,46.0,34,470,122,26.0,232,151,87,63,9,0,54,44,132,1,Matches
112,Virgil van Dijk\Virgil-van-Dijk,nl NED,DF,Liverpool,28,1991,35.0,30,20,20,9,1,6,15,40.0,9,130,46,35.4,83,36,11,30,16,1,14,34,253,1,Matches
113,Issa Diop\Issa-Diop,fr FRA,DF,West Ham,22,1997,27.7,31,16,22,9,0,14,30,46.7,16,224,79,35.3,145,72,7,45,21,0,24,40,176,3,Matches
114,Moussa Djenepo\Moussa-Djenepo,ml MLI,MFDF,Southampton,21,1998,10.3,29,18,18,6,5,8,23,34.8,15,265,79,29.8,67,120,78,24,2,0,22,10,12,0,Matches
115,Matt Doherty\Matt-Doherty,ie IRL,DF,Wolves,27,1992,29.7,60,30,33,24,3,23,47,48.9,24,348,97,27.9,160,134,54,57,5,0,52,38,73,1,Matches
116,Abdoulaye Doucouré\Abdoulaye-Doucoure,fr FRA,MF,Watford,26,1993,32.5,66,46,28,28,10,14,55,25.5,41,900,223,24.8,257,439,204,55,8,0,47,28,42,0,Matches
117,Thomas Doyle\Thomas-Doyle,eng ENG,MFFW,Manchester City,17,2001,0.2,0,0,0,0,0,0,0,,0,5,1,20.0,1,3,1,0,0,0,0,0,0,0,Matches
118,Danny Drinkwater\Danny-Drinkwater,eng ENG,MF,Aston Villa,29,1990,2.9,9,5,6,2,1,1,13,7.7,12,106,22,20.8,36,58,12,3,0,0,3,5,4,1,Matches
119,Danny Drinkwater\Danny-Drinkwater,eng ENG,MF,Burnley,29,1990,0.6,2,2,1,1,0,0,1,0.0,1,23,5,21.7,10,10,3,1,0,0,1,1,0,0,Matches
120,Josip Drmić\Josip-Drmic,ch SUI,FWMF,Norwich City,26,1992,6.7,3,3,2,0,1,1,11,9.1,10,116,29,25.0,20,46,50,8,0,0,8,1,4,1,Matches
121,Martin Dúbravka\Martin-Dubravka,sk SVK,GK,Newcastle Utd,30,1989,35.0,0,0,0,0,0,0,1,0.0,1,9,0,0.0,9,0,0,2,0,0,2,1,1,3,Matches
122,Ondrej Duda\Ondrej-Duda,sk SVK,MF,Norwich City,24,1994,8.0,19,15,10,6,3,7,20,35.0,13,197,54,27.4,52,105,40,18,2,0,16,6,7,0,Matches
123,Shane Duffy\Shane-Duffy,ie IRL,DF,Brighton,27,1992,13.7,16,9,10,5,1,4,18,22.2,14,100,34,34.0,71,27,2,21,8,0,13,21,115,0,Matches
124,Paul Dummett\Paul-Dummett,wal WAL,DF,Newcastle Utd,27,1991,13.6,28,6,18,6,4,12,20,60.0,8,163,40,24.5,97,58,8,42,10,0,32,19,72,0,Matches
125,Lewis Dunk\Lewis-Dunk,eng ENG,DF,Brighton,27,1991,32.9,40,27,29,11,0,13,39,33.3,26,232,100,43.1,152,68,12,65,33,2,32,48,143,1,Matches
126,Ederson\Ederson,br BRA,GK,Manchester City,25,1993,31.1,1,1,1,0,0,1,2,50.0,1,5,1,20.0,5,0,0,0,0,0,0,2,2,3,Matches
127,John Egan\John-Egan,ie IRL,DF,Sheffield Utd,26,1992,32.4,41,25,30,11,0,18,40,45.0,22,271,97,35.8,191,73,7,65,31,0,34,52,249,4,Matches
128,Harvey Elliot\Harvey-Elliot,eng ENG,DF,Liverpool,16,2003,0.1,0,0,0,0,0,0,0,,0,0,0,,0,0,0,0,0,0,0,0,0,0,Matches
129,Ahmed Elmohamady\Ahmed-Elmohamady,eg EGY,DF,Aston Villa,31,1987,10.2,23,15,17,5,1,10,21,47.6,11,102,25,24.5,54,37,11,10,5,0,5,11,28,0,Matches
130,Björn Engels\Bjorn-Engels,be BEL,DF,Aston Villa,24,1994,16.1,9,4,7,2,0,5,11,45.5,6,81,29,35.8,54,26,1,26,19,0,7,29,111,2,Matches
131,Christian Eriksen\Christian-Eriksen,dk DEN,MFFW,Tottenham,27,1992,12.2,19,12,12,6,1,5,23,21.7,18,260,55,21.2,83,126,51,19,1,0,18,11,11,0,Matches
132,Jonny Evans\Jonny-Evans,nir NIR,DF,Leicester City,31,1988,34.6,45,30,30,15,0,25,40,62.5,15,260,106,40.8,165,76,19,51,21,0,30,50,249,4,Matches
133,Łukasz Fabiański\Lukasz-Fabianski,pl POL,GK,West Ham,34,1985,20.5,0,0,0,0,0,0,3,0.0,3,10,2,20.0,10,0,0,0,0,0,0,1,2,2,Matches
134,Fabinho\Fabinho,br BRA,MF,Liverpool,25,1993,21.1,71,50,24,34,13,22,60,36.7,38,402,129,32.1,140,208,54,33,2,0,31,31,33,0,Matches
135,Ralf Fährmann\Ralf-Fahrmann,de GER,GK,Norwich City,30,1988,0.2,0,0,0,0,0,0,0,,0,0,0,,0,0,0,0,0,0,0,0,0,0,Matches
136,Kiko Femenía\Kiko-Femenia,es ESP,DF,Watford,28,1991,22.4,54,28,36,15,3,20,62,32.3,42,361,93,25.8,194,133,34,29,1,0,28,32,58,1,Matches
137,Bruno Fernandes\Bruno-Fernandes,pt POR,MF,Manchester Utd,24,1994,10.2,15,11,5,6,4,5,32,15.6,27,213,52,24.4,44,103,66,10,0,0,10,9,11,0,Matches
138,Gedson Fernandes\Gedson-Fernandes,pt POR,MFDF,Tottenham,20,1999,0.7,1,1,1,0,0,0,1,0.0,1,17,5,29.4,7,6,4,1,0,0,1,1,0,0,Matches
139,Federico Fernández\Federico-Fernandez,ar ARG,DF,Newcastle Utd,30,1989,26.1,46,28,37,8,1,24,48,50.0,24,223,69,30.9,164,47,12,56,29,0,27,19,196,1,Matches
140,Fernandinho\Fernandinho,br BRA,DF,Manchester City,34,1985,25.1,41,23,28,13,0,18,44,40.9,26,203,83,40.9,100,84,19,37,17,1,20,23,98,1,Matches
141,Roberto Firmino\Roberto-Firmino,br BRA,FW,Liverpool,27,1991,31.3,33,23,7,15,11,10,33,30.3,23,665,201,30.2,55,292,318,45,5,0,40,7,16,0,Matches
142,John Fleck\John-Fleck,sco SCO,MF,Sheffield Utd,27,1991,26.1,36,24,16,14,6,17,69,24.6,52,510,135,26.5,140,266,104,42,3,0,39,20,22,0,Matches
143,Phil Foden\Phil-Foden,eng ENG,FWMF,Manchester City,19,2000,7.5,15,8,5,7,3,7,17,41.2,10,226,64,28.3,39,97,90,8,0,0,8,4,3,0,Matches
144,Pablo Fornals\Pablo-Fornals,es ESP,MFFW,West Ham,23,1996,21.6,38,27,15,16,7,15,63,23.8,48,557,137,24.6,136,260,161,46,1,0,45,19,8,0,Matches
145,Ben Foster\Ben-Foster,eng ENG,GK,Watford,36,1983,35.0,0,0,0,0,0,0,3,0.0,3,8,0,0.0,8,0,0,1,0,0,1,1,1,2,Matches
146,Dimitri Foulquier\Dimitri-Foulquier,fr FRA,MFDF,Watford,26,1993,0.7,1,1,1,0,0,0,1,0.0,1,18,6,33.3,6,9,3,2,0,0,2,2,1,0,Matches
147,Juan Foyth\Juan-Foyth,ar ARG,DF,Tottenham,21,1998,0.8,7,4,5,1,1,2,3,66.7,1,14,5,35.7,10,4,0,2,0,0,2,2,4,0,Matches
148,Simon Francis\Simon-Francis,eng ENG,DF,Bournemouth,34,1985,10.8,17,12,13,4,0,11,25,44.0,14,107,29,27.1,71,24,12,29,14,0,15,20,91,2,Matches
149,Ryan Fraser\Ryan-Fraser,sco SCO,MFFW,Bournemouth,25,1994,23.0,9,8,3,3,3,4,17,23.5,13,298,65,21.8,79,122,97,28,3,2,25,16,18,0,Matches
150,Fred\Fred,br BRA,MF,Manchester Utd,26,1993,24.0,79,51,41,33,5,29,98,29.6,69,707,194,27.4,289,328,90,64,8,0,56,38,26,0,Matches
151,Ryan Fredericks\Ryan-Fredericks,eng ENG,DF,West Ham,26,1992,23.9,80,44,57,15,8,31,61,50.8,30,308,91,29.5,181,84,43,41,9,1,32,24,87,0,Matches
152,Kieron Freeman\Kieron-Freeman,wal WAL,FW,Sheffield Utd,27,1992,0.1,0,0,0,0,0,0,0,,0,2,0,0.0,0,1,1,0,0,0,0,0,0,0,Matches
153,Luke Freeman\Luke-Freeman,eng ENG,MF,Sheffield Utd,27,1992,4.1,5,4,1,2,2,2,9,22.2,7,97,24,24.7,32,42,23,9,0,0,9,9,6,0,Matches
154,Christian Fuchs\Christian-Fuchs,at AUT,DF,Leicester City,33,1986,8.6,15,9,8,7,0,8,23,34.8,15,144,45,31.3,88,51,5,29,3,0,26,16,39,1,Matches
155,Eric García\Eric-Garcia,es ESP,DF,Manchester City,18,2001,6.8,9,2,6,3,0,5,6,83.3,1,56,16,28.6,36,18,2,7,0,0,7,12,36,0,Matches
156,James Garner\James-Garner,eng ENG,MF,Manchester Utd,18,2001,0.1,0,0,0,0,0,0,1,0.0,1,2,0,0.0,0,2,0,0,0,0,0,0,1,0,Matches
157,Dwight Gayle\Dwight-Gayle,eng ENG,FW,Newcastle Utd,28,1990,7.1,8,7,2,6,0,1,3,33.3,2,85,26,30.6,12,39,34,9,4,0,5,2,5,0,Matches
158,Paulo Gazzaniga\Paulo-Gazzaniga,ar ARG,GK,Tottenham,27,1992,17.9,0,0,0,0,0,0,0,,0,1,0,0.0,1,0,0,0,0,0,0,0,0,0,Matches
159,Jean-Philippe Gbamin\Jean-Philippe-Gbamin,ci CIV,MF,Everton,23,1995,1.5,5,4,2,1,2,1,4,25.0,3,29,13,44.8,13,11,5,2,0,0,2,1,6,0,Matches
160,David de Gea\David-de-Gea,es ESP,GK,Manchester Utd,28,1990,35.0,0,0,0,0,0,0,0,,0,1,0,0.0,1,0,0,0,0,0,0,0,1,2,Matches
161,Anwar El Ghazi\Anwar-El-Ghazi,nl NED,FWMF,Aston Villa,24,1995,22.5,17,10,10,5,2,5,23,21.7,18,349,74,21.2,70,163,116,17,1,0,16,11,12,0,Matches
162,Morgan Gibbs-White\Morgan-Gibbs-White,eng ENG,MFFW,Wolves,19,2000,1.4,1,1,0,1,0,0,0,,0,27,10,37.0,5,15,7,2,0,0,2,1,0,0,Matches
163,Billy Gilmour\Billy-Gilmour,sco SCO,MF,Chelsea,18,2001,2.2,6,4,4,2,0,3,6,50.0,3,36,14,38.9,15,20,1,6,0,0,6,3,1,0,Matches
164,Olivier Giroud\Olivier-Giroud,fr FRA,FW,Chelsea,32,1986,9.5,3,2,0,3,0,0,8,0.0,8,157,48,30.6,9,82,66,17,6,0,11,2,10,0,Matches
165,Ben Godfrey\Ben-Godfrey,eng ENG,DF,Norwich City,21,1998,27.4,33,21,25,7,1,12,23,52.2,11,211,74,35.1,144,61,6,41,27,0,14,23,146,3,Matches
166,André Gomes\Andre-Gomes,pt POR,MF,Everton,26,1993,13.2,29,23,13,12,4,7,56,12.5,49,309,78,25.2,98,177,34,23,3,0,20,4,8,0,Matches
167,Angel Gomes\Angel-Gomes,eng ENG,MF,Manchester Utd,18,2000,0.2,0,0,0,0,0,0,0,,0,11,1,9.1,6,4,1,1,0,0,1,0,0,0,Matches
168,Joe Gomez\Joe-Gomez,eng ENG,DF,Liverpool,22,1997,19.3,24,13,15,9,0,8,18,44.4,10,134,52,38.8,82,48,4,23,8,0,15,35,78,1,Matches
169,Anthony Gordon\Anthony-Gordon,eng ENG,MF,Everton,18,2001,4.1,7,5,4,3,0,1,13,7.7,12,108,21,19.4,31,57,20,9,1,0,8,8,3,0,Matches
170,Dan Gosling\Dan-Gosling,eng ENG,MF,Bournemouth,29,1990,12.2,26,18,16,6,4,7,26,26.9,19,306,81,26.5,120,126,60,36,11,0,25,18,23,0,Matches
171,Andre Gray\Andre-Gray,eng ENG,FW,Watford,28,1991,8.1,5,5,0,1,4,1,1,100.0,0,157,43,27.4,13,60,84,3,1,0,2,1,2,0,Matches
172,Demarai Gray\Demarai-Gray,eng ENG,MFFW,Leicester City,23,1996,6.0,8,5,6,1,1,3,13,23.1,10,127,38,29.9,32,63,32,10,0,0,10,4,2,0,Matches
173,Jack Grealish\Jack-Grealish,eng ENG,FWMF,Aston Villa,23,1995,32.9,33,26,13,12,8,7,29,24.1,22,546,141,25.8,154,221,171,53,12,0,41,20,11,1,Matches
174,Mason Greenwood\Mason-Greenwood,eng ENG,FW,Manchester Utd,17,2001,12.1,17,11,6,5,6,5,14,35.7,9,167,51,30.5,41,71,55,12,0,0,12,5,3,0,Matches
175,Arnaut Groeneveld\Arnaut-Groeneveld,nl NED,MF,Bournemouth,22,1997,7.0,6,5,3,2,1,2,7,28.6,5,78,32,41.0,28,27,23,3,0,0,3,8,8,1,Matches
176,Pascal Groß\Pascal-Gross,de GER,FWMF,Brighton,28,1991,19.2,32,20,5,19,8,8,31,25.8,23,374,100,26.7,75,184,115,27,2,0,25,9,11,0,Matches
177,Vicente Guaita\Vicente-Guaita,es ESP,GK,Crystal Palace,32,1987,32.0,0,0,0,0,0,0,1,0.0,1,2,1,50.0,2,0,0,0,0,0,0,0,0,2,Matches
178,Mattéo Guendouzi\Matteo-Guendouzi,fr FRA,MF,Arsenal,20,1999,19.4,24,13,11,9,4,10,36,27.8,26,384,109,28.4,158,175,51,40,7,0,33,30,48,0,Matches
179,Frederic Guilbert\Frederic-Guilbert,fr FRA,DF,Aston Villa,24,1994,21.1,77,38,48,21,8,33,72,45.8,39,398,110,27.6,218,129,51,62,13,0,49,44,85,1,Matches
180,İlkay Gündoğan\Ilkay-Gundogan,de GER,MF,Manchester City,28,1990,21.2,24,17,5,12,7,9,43,20.9,34,240,69,28.8,59,128,53,23,4,0,19,30,18,0,Matches
181,Angus Gunn\Angus-Gunn,eng ENG,GK,Southampton,23,1996,10.0,0,0,0,0,0,0,1,0.0,1,3,1,33.3,3,0,0,0,0,0,0,0,0,0,Matches
182,Sébastien Haller\Sebastien-Haller,fr FRA,FW,West Ham,25,1994,24.3,17,14,7,8,2,3,28,10.7,25,562,119,21.2,40,301,221,34,7,0,27,8,22,1,Matches
183,Grant Hanley\Grant-Hanley,sco SCO,DF,Norwich City,27,1991,14.0,27,17,16,11,0,11,19,57.9,8,143,50,35.0,97,43,3,34,20,0,14,30,103,1,Matches
184,Kortney Hause\Kortney-Hause,eng ENG,DF,Aston Villa,24,1995,17.0,27,22,23,2,2,11,22,50.0,11,182,73,40.1,112,59,11,45,21,1,24,20,114,5,Matches
185,Isaac Hayden\Isaac-Hayden,eng ENG,MF,Newcastle Utd,24,1995,24.5,63,37,35,20,8,12,45,26.7,33,472,126,26.7,212,200,60,38,8,0,30,36,34,1,Matches
186,Tom Heaton\Tom-Heaton,eng ENG,GK,Aston Villa,33,1986,19.9,0,0,0,0,0,0,2,0.0,2,3,0,0.0,3,0,0,0,0,0,0,0,1,0,Matches
187,Dean Henderson\Dean-Henderson,eng ENG,GK,Sheffield Utd,22,1997,33.0,0,0,0,0,0,0,0,,0,1,0,0.0,1,0,0,1,0,0,1,0,1,0,Matches
188,Jordan Henderson\Jordan-Henderson,eng ENG,MF,Liverpool,29,1990,24.9,65,36,22,31,12,23,63,36.5,40,532,169,31.8,134,287,111,37,5,0,32,29,27,0,Matches
189,Jeff Hendrick\Jeff-Hendrick,ie IRL,MF,Burnley,27,1992,21.5,18,10,7,7,4,2,30,6.7,28,356,69,19.4,83,175,98,35,7,0,28,19,19,0,Matches
190,Wayne Hennessey\Wayne-Hennessey,wal WAL,GK,Crystal Palace,32,1987,3.0,0,0,0,0,0,0,0,,0,0,0,,0,0,0,0,0,0,0,1,0,0,Matches
191,Javier Hernández\Javier-Hernandez,mx MEX,FW,West Ham,31,1988,1.2,0,0,0,0,0,0,1,0.0,1,26,6,23.1,0,7,19,0,0,0,0,0,0,0,Matches
192,Onel Hernández\Onel-Hernandez,cu CUB,FWMF,Norwich City,26,1993,13.5,34,26,14,10,10,12,24,50.0,12,211,77,36.5,79,75,57,19,1,1,18,16,7,0,Matches
193,Son Heung-min\Son-Heung-min,kr KOR,FWMF,Tottenham,27,1992,24.7,29,19,13,14,2,10,61,16.4,51,509,126,24.8,116,234,159,25,0,0,25,17,17,0,Matches
194,Rob Holding\Rob-Holding,eng ENG,DF,Arsenal,23,1995,3.5,3,2,2,1,0,0,1,0.0,1,29,10,34.5,17,8,4,7,2,0,5,5,20,1,Matches
195,José Holebas\Jose-Holebas,gr GRE,DF,Watford,35,1984,11.4,25,12,20,5,0,6,25,24.0,19,179,59,33.0,94,63,22,23,3,0,20,2,40,0,Matches
196,Mason Holgate\Mason-Holgate,eng ENG,DF,Everton,22,1996,22.7,49,27,33,15,1,20,36,55.6,16,238,75,31.5,146,79,13,32,16,1,16,32,144,1,Matches
197,Nathan Holland\Nathan-Holland,eng ENG,MF,West Ham,21,1998,0.4,1,0,1,0,0,0,0,,0,13,4,30.8,5,4,4,1,0,0,1,0,0,0,Matches
198,Conor Hourihane\Conor-Hourihane,ie IRL,MF,Aston Villa,28,1991,14.4,20,13,5,12,3,8,22,36.4,14,205,36,17.6,64,96,45,23,5,0,18,10,20,0,Matches
199,Callum Hudson-Odoi\Callum-Hudson-Odoi,eng ENG,FW,Chelsea,18,2000,9.1,8,5,5,2,1,1,10,10.0,9,116,27,23.3,22,57,37,13,0,0,13,1,6,0,Matches
200,Will Hughes\Will-Hughes,eng ENG,MFFW,Watford,24,1995,22.1,74,44,26,35,13,24,77,31.2,53,614,162,26.4,169,308,137,60,7,0,53,31,24,0,Matches
201,Pierre Højbjerg\Pierre-Hojbjerg,dk DEN,MF,Southampton,23,1995,29.4,87,54,41,40,6,34,97,35.1,63,624,205,32.9,202,337,85,62,5,0,57,45,78,2,Matches
202,Jordon Ibe\Jordon-Ibe,eng ENG,DF,Bournemouth,23,1995,0.6,3,3,3,0,0,0,0,,0,11,3,27.3,5,5,1,0,0,0,0,0,0,0,Matches
203,Adam Idah\Adam-Idah,ie IRL,FWMF,Norwich City,18,2001,2.3,4,4,2,1,1,1,3,33.3,2,32,8,25.0,8,13,11,6,0,0,6,0,1,0,Matches
204,Odion Ighalo\Odion-Ighalo,ng NGA,FW,Manchester Utd,30,1989,1.0,1,1,0,1,0,1,2,50.0,1,20,3,15.0,4,5,11,1,1,0,0,0,0,0,Matches
205,Kelechi Iheanacho\Kelechi-Iheanacho,ng NGA,FWMF,Leicester City,22,1996,9.7,5,4,0,3,2,3,10,30.0,7,173,50,28.9,20,78,75,8,1,0,7,3,5,0,Matches
206,Danny Ings\Danny-Ings,eng ENG,FW,Southampton,27,1992,28.2,47,29,16,22,9,15,66,22.7,51,815,212,26.0,143,347,325,61,5,0,56,12,23,0,Matches
207,Alex Iwobi\Alex-Iwobi,ng NGA,MFFW,Everton,23,1996,17.1,26,14,11,13,2,10,33,30.3,23,358,94,26.3,95,177,86,18,3,0,15,12,11,1,Matches
208,Phil Jagielka\Phil-Jagielka,eng ENG,DF,Sheffield Utd,36,1982,2.7,6,4,4,2,0,1,6,16.7,5,26,9,34.6,18,8,0,9,5,0,4,4,26,0,Matches
209,Alireza Jahanbakhsh\Alireza-Jahanbakhsh,ir IRN,FWMF,Brighton,25,1993,3.4,7,3,2,2,3,3,6,50.0,3,51,20,39.2,15,16,20,5,0,0,5,1,3,0,Matches
210,Daniel James\Daniel-James,wal WAL,FW,Manchester Utd,21,1997,25.4,25,15,6,12,7,6,45,13.3,39,569,143,25.1,124,263,182,37,4,0,33,8,10,0,Matches
211,Matty James\Matty-James,eng ENG,MF,Leicester City,28,1991,0.1,0,0,0,0,0,0,0,,0,2,2,100.0,0,1,1,0,0,0,0,0,0,0,Matches
212,Reece James\Reece-James,eng ENG,DF,Chelsea,19,1999,14.8,36,20,18,14,4,14,27,51.9,13,223,54,24.2,108,88,27,41,8,0,33,23,35,0,Matches
213,Daryl Janmaat\Daryl-Janmaat,nl NED,DF,Watford,30,1989,6.7,16,6,7,5,4,6,17,35.3,11,137,31,22.6,55,53,29,14,2,0,12,6,25,0,Matches
214,Gabriel Jesus\Gabriel-Jesus,br BRA,FW,Manchester City,22,1997,19.7,23,18,4,8,11,5,23,21.7,18,387,119,30.7,20,147,220,26,3,0,23,13,5,0,Matches
215,Raúl Jiménez\Raul-Jimenez,mx MEX,FW,Wolves,28,1991,33.0,28,22,7,14,7,2,23,8.7,21,545,130,23.9,32,273,240,29,4,0,25,14,28,0,Matches
216,Joelinton\Joelinton,br BRA,FW,Newcastle Utd,22,1996,28.9,29,18,5,16,8,10,32,31.3,22,585,130,22.2,71,307,207,30,7,1,23,10,28,0,Matches
217,Curtis Jones\Curtis-Jones,eng ENG,MF,Liverpool,18,2001,1.1,3,2,0,1,2,2,3,66.7,1,21,6,28.6,4,8,9,3,0,0,3,2,1,0,Matches
218,Phil Jones\Phil-Jones,eng ENG,DF,Manchester Utd,27,1992,1.5,4,2,2,2,0,2,2,100.0,0,18,9,50.0,12,5,1,1,0,0,1,4,19,1,Matches
219,Jorginho\Jorginho,it ITA,MF,Chelsea,27,1991,24.5,62,42,21,30,11,25,75,33.3,50,477,134,28.1,162,253,62,37,5,1,32,61,33,0,Matches
220,Jota\Jota,es ESP,FWMF,Aston Villa,28,1991,3.7,3,2,1,1,1,2,9,22.2,7,119,17,14.3,43,52,24,3,0,0,3,3,6,0,Matches
221,Diogo Jota\Diogo-Jota,pt POR,FWMF,Wolves,22,1996,23.4,33,20,13,17,3,12,44,27.3,32,555,123,22.2,122,282,151,13,0,0,13,7,8,0,Matches
222,James Justin\James-Justin,eng ENG,DF,Leicester City,21,1998,8.2,27,14,16,10,1,12,21,57.1,9,136,47,34.6,64,50,22,19,5,0,14,5,17,0,Matches
223,Christian Kabasele\Christian-Kabasele,be BEL,DF,Watford,28,1991,22.0,37,22,29,8,0,14,29,48.3,15,215,73,34.0,122,77,16,44,22,0,22,33,154,1,Matches
224,Harry Kane\Harry-Kane,eng ENG,FW,Tottenham,26,1993,25.8,18,12,5,11,2,5,17,29.4,12,425,91,21.4,21,210,194,28,10,0,18,5,28,0,Matches
225,N'Golo Kanté\NGolo-Kante,fr FRA,MF,Chelsea,28,1991,19.2,59,43,29,22,8,12,33,36.4,21,437,141,32.3,152,190,95,43,3,0,40,46,35,0,Matches
226,Moise Kean\Moise-Kean,it ITA,FW,Everton,19,2000,8.5,7,6,2,2,3,0,3,0.0,3,114,32,28.1,12,50,52,3,1,0,2,5,3,0,Matches
227,Michael Keane\Michael-Keane,eng ENG,DF,Everton,26,1993,25.4,37,23,23,14,0,15,27,55.6,12,167,60,35.9,107,56,4,44,21,0,23,42,178,1,Matches
228,Naby Keïta\Naby-Keita,gn GUI,MF,Liverpool,24,1995,7.1,21,16,7,10,4,8,19,42.1,11,173,60,34.7,32,80,61,15,0,0,15,10,4,0,Matches
229,Lloyd Kelly\Lloyd-Kelly,eng ENG,DF,Bournemouth,20,1998,4.1,6,4,4,2,0,3,5,60.0,2,49,18,36.7,24,19,6,5,2,0,3,4,10,1,Matches
230,Martin Kelly\Martin-Kelly,eng ENG,DF,Crystal Palace,29,1990,17.2,24,18,18,6,0,12,29,41.4,17,181,63,34.8,129,42,10,50,15,0,35,15,102,3,Matches
231,Max Kilman\Max-Kilman,eng ENG,DF,Wolves,22,1997,2.1,4,3,3,1,0,2,4,50.0,2,17,5,29.4,11,5,1,2,1,0,1,4,17,0,Matches
232,Joshua King\Joshua-King,no NOR,FWMF,Bournemouth,27,1992,19.8,15,11,6,6,3,1,12,8.3,11,454,111,24.4,72,203,179,24,4,0,20,5,11,0,Matches
233,Timm Klose\Timm-Klose,ch SUI,DF,Norwich City,31,1988,6.0,8,4,4,4,0,4,9,44.4,5,38,15,39.5,25,13,0,7,4,0,3,6,22,1,Matches
234,Jonathan Kodjia\Jonathan-Kodjia,ci CIV,FWMF,Aston Villa,29,1989,1.3,0,0,0,0,0,0,1,0.0,1,33,9,27.3,6,15,12,2,2,0,0,0,2,0,Matches
235,Sead Kolašinac\Sead-Kolasinac,ba BIH,DF,Arsenal,26,1993,17.5,33,16,20,6,7,12,25,48.0,13,216,57,26.4,107,77,32,19,5,0,14,23,37,1,Matches
236,Ezri Konsa\Ezri-Konsa,eng ENG,DF,Aston Villa,21,1998,19.7,25,18,18,7,0,6,14,42.9,8,181,59,32.6,99,62,20,48,19,0,29,20,69,2,Matches
237,Cheikhou Kouyaté\Cheikhou-Kouyate,sn SEN,MF,Crystal Palace,29,1989,26.3,68,44,43,23,2,22,47,46.8,25,407,119,29.2,185,172,50,57,11,0,46,35,72,1,Matches
238,Mateo Kovačić\Mateo-Kovacic,hr CRO,MF,Chelsea,25,1994,21.1,67,51,26,37,4,28,69,40.6,41,466,154,33.0,140,250,76,25,2,0,23,20,15,0,Matches
239,Emil Krafth\Emil-Krafth,se SWE,DF,Newcastle Utd,24,1994,9.3,16,11,12,2,2,5,18,27.8,13,115,33,28.7,71,31,13,13,5,0,8,7,32,0,Matches
240,Tim Krul\Tim-Krul,nl NED,GK,Norwich City,31,1988,34.0,0,0,0,0,0,0,1,0.0,1,6,1,16.7,6,0,0,0,0,0,0,0,1,1,Matches
241,Alexandre Lacazette\Alexandre-Lacazette,fr FRA,FW,Arsenal,28,1991,18.6,19,16,4,11,4,4,15,26.7,11,438,106,24.2,49,209,180,12,0,0,12,7,11,0,Matches
242,Adam Lallana\Adam-Lallana,eng ENG,MFFW,Liverpool,31,1988,4.2,20,12,9,9,2,9,27,33.3,18,132,41,31.1,45,54,33,13,0,0,13,4,3,0,Matches
243,Érik Lamela\Erik-Lamela,ar ARG,MFFW,Tottenham,27,1992,13.0,26,20,7,15,4,5,22,22.7,17,303,85,28.1,78,143,82,18,3,0,15,7,8,0,Matches
244,Tariq Lamptey\Tariq-Lamptey,eng ENG,DFMF,Brighton,18,2000,3.8,6,2,5,1,0,0,3,0.0,3,55,9,16.4,20,22,13,9,0,0,9,10,11,0,Matches
245,Tariq Lamptey\Tariq-Lamptey,eng ENG,DF,Chelsea,18,2000,0.4,2,0,1,1,0,2,2,100.0,0,3,3,100.0,1,1,1,0,0,0,0,0,0,0,Matches
246,Henri Lansbury\Henri-Lansbury,eng ENG,MF,Aston Villa,28,1990,2.2,5,2,3,1,1,0,4,0.0,4,60,18,30.0,23,18,19,6,0,0,6,0,1,0,Matches
247,Manuel Lanzini\Manuel-Lanzini,ar ARG,MFFW,West Ham,26,1993,15.1,11,9,6,3,2,5,37,13.5,32,343,76,22.2,76,198,69,12,1,0,11,9,4,0,Matches
248,Aymeric Laporte\Aymeric-Laporte,fr FRA,DF,Manchester City,25,1994,10.4,11,8,8,3,0,7,13,53.8,6,55,24,43.6,30,22,3,6,5,0,1,18,35,2,Matches
249,Jamaal Lascelles\Jamaal-Lascelles,eng ENG,DF,Newcastle Utd,25,1993,23.1,18,10,14,4,0,5,14,35.7,9,163,60,36.8,110,47,6,37,23,0,14,29,165,1,Matches
250,Valentino Lazaro\Valentino-Lazaro,at AUT,DFMF,Newcastle Utd,23,1996,3.9,8,1,7,1,0,3,9,33.3,6,83,20,24.1,36,35,12,3,0,0,3,2,3,0,Matches
251,Moritz Leitner\Moritz-Leitner,de GER,MF,Norwich City,26,1992,7.6,18,9,10,6,2,5,20,25.0,15,160,33,20.6,85,49,26,18,5,0,13,8,6,0,Matches
252,Florian Lejeune\Florian-Lejeune,fr FRA,DF,Newcastle Utd,28,1991,4.9,8,6,6,2,0,5,9,55.6,4,58,19,32.8,39,18,1,13,2,0,11,11,27,1,Matches
253,Aaron Lennon\Aaron-Lennon,eng ENG,MF,Burnley,32,1987,5.5,15,9,7,4,4,9,14,64.3,5,143,27,18.9,37,67,39,8,2,0,6,7,6,0,Matches
254,Bernd Leno\Bernd-Leno,de GER,GK,Arsenal,27,1992,29.4,0,0,0,0,0,0,3,0.0,3,1,0,0.0,1,0,0,0,0,0,0,0,2,1,Matches
255,Jefferson Lerma\Jefferson-Lerma,co COL,MF,Bournemouth,24,1994,27.1,72,45,28,38,6,27,57,47.4,30,521,155,29.8,190,291,40,44,12,0,32,48,62,0,Matches
256,Jamal Lewis\Jamal-Lewis,nir NIR,DF,Norwich City,21,1998,23.6,52,29,41,6,5,16,42,38.1,26,339,104,30.7,208,90,41,48,8,0,40,25,63,1,Matches
257,Victor Lindelöf\Victor-Lindelof,se SWE,DF,Manchester Utd,25,1994,31.4,25,14,17,7,1,12,16,75.0,4,194,60,30.9,95,93,6,43,19,0,24,22,162,0,Matches
258,Jesse Lingard\Jesse-Lingard,eng ENG,MFFW,Manchester Utd,26,1992,9.9,12,8,5,2,5,3,14,21.4,11,323,79,24.5,59,170,94,8,1,0,7,2,1,0,Matches
259,Hugo Lloris\Hugo-Lloris,fr FRA,GK,Tottenham,32,1986,17.1,0,0,0,0,0,0,0,,0,1,0,0.0,1,0,0,0,0,0,0,1,1,2,Matches
260,Giovani Lo Celso\Giovani-Lo-Celso,ar ARG,MFFW,Tottenham,23,1996,14.4,39,29,10,24,5,7,48,14.6,41,359,121,33.7,124,177,58,23,5,0,18,9,19,0,Matches
261,Jürgen Locadia\Jurgen-Locadia,nl NED,MFFW,Brighton,25,1993,1.0,1,1,0,1,0,0,0,,0,12,6,50.0,0,6,6,0,0,0,0,0,0,0,Matches
262,Ruben Loftus-Cheek\Ruben-Loftus-Cheek,eng ENG,MFFW,Chelsea,23,1996,2.2,0,0,0,0,0,0,1,0.0,1,16,8,50.0,5,2,9,2,1,0,1,1,3,0,Matches
263,Kevin Long\Kevin-Long,ie IRL,DF,Burnley,28,1990,3.3,4,4,3,1,0,2,6,33.3,4,29,9,31.0,18,9,2,10,7,0,3,2,33,0,Matches
264,Shane Long\Shane-Long,ie IRL,FW,Southampton,32,1987,14.7,17,13,4,10,3,5,22,22.7,17,307,96,31.3,30,115,162,17,4,0,13,3,10,1,Matches
265,Matthew Longstaff\Matthew-Longstaff,eng ENG,MF,Newcastle Utd,19,2000,6.3,6,3,3,3,0,1,11,9.1,10,189,34,18.0,74,102,13,3,1,1,2,6,2,0,Matches
266,Sean Longstaff\Sean-Longstaff,eng ENG,MF,Newcastle Utd,21,1997,14.8,38,21,17,17,4,15,47,31.9,32,493,108,21.9,202,234,57,30,3,0,27,21,29,2,Matches
267,Dejan Lovren\Dejan-Lovren,hr CRO,DF,Liverpool,30,1989,8.6,16,9,12,4,0,7,13,53.8,6,80,22,27.5,56,22,2,13,6,0,7,11,81,1,Matches
268,Matthew Lowton\Matthew-Lowton,eng ENG,DF,Burnley,30,1989,17.0,44,24,20,21,3,24,43,55.8,19,202,60,29.7,99,74,29,42,9,1,33,26,80,1,Matches
269,David Luiz\David-Luiz,br BRA,DF,Arsenal,32,1987,28.6,31,20,20,10,1,10,25,40.0,15,180,66,36.7,133,42,5,58,36,0,22,30,168,3,Matches
270,Douglas Luiz\Douglas-Luiz,br BRA,MF,Aston Villa,21,1998,26.0,45,30,28,13,4,17,60,28.3,43,551,146,26.5,242,243,66,60,18,1,42,31,39,1,Matches
271,John Lundstram\John-Lundstram,eng ENG,MF,Sheffield Utd,25,1994,25.6,47,32,22,16,9,17,62,27.4,45,566,162,28.6,162,284,120,29,4,0,25,31,48,0,Matches
272,Alexis Mac Allister\Alexis-Mac-Allister,ar ARG,MFFW,Brighton,20,1998,2.6,8,4,4,2,2,3,5,60.0,2,77,20,26.0,20,32,25,10,1,0,9,1,1,0,Matches
273,James Maddison\James-Maddison,eng ENG,MF,Leicester City,22,1996,29.2,56,39,19,23,14,22,69,31.9,47,627,199,31.7,160,338,129,21,1,0,20,10,8,1,Matches
274,Harry Maguire\Harry-Maguire,eng ENG,DF,Manchester Utd,26,1993,35.0,41,26,22,18,1,13,34,38.2,21,217,83,38.2,139,70,8,38,21,0,17,69,235,1,Matches
275,Riyad Mahrez\Riyad-Mahrez,dz ALG,FWMF,Manchester City,28,1991,20.6,28,19,9,12,7,10,42,23.8,32,381,105,27.6,70,149,162,38,1,0,37,19,7,0,Matches
276,Ainsley Maitland-Niles\Ainsley-Maitland-Niles,eng ENG,DF,Arsenal,21,1997,14.2,39,25,29,8,2,14,39,35.9,25,285,80,28.1,170,84,31,27,5,0,22,28,38,0,Matches
277,Sadio Mané\Sadio-Mane,sn SEN,FW,Liverpool,27,1992,28.3,47,32,13,21,13,15,45,33.3,30,479,143,29.9,105,163,211,28,1,0,27,12,5,0,Matches
278,Javier Manquillo\Javier-Manquillo,es ESP,DF,Newcastle Utd,25,1994,15.8,42,31,28,10,4,20,32,62.5,12,204,66,32.4,112,71,21,31,5,0,26,16,50,0,Matches
279,Solly March\Solly-March,eng ENG,FWDF,Brighton,25,1994,10.7,22,13,13,8,1,8,17,47.1,9,134,37,27.6,42,51,41,19,2,0,17,20,15,1,Matches
280,Pablo Marí\Pablo-Mari,es ESP,DF,Arsenal,25,1993,1.3,3,1,2,1,0,1,2,50.0,1,11,3,27.3,6,4,1,1,0,0,1,1,14,0,Matches
281,Adrian Mariappa\Adrian-Mariappa,jm JAM,DF,Watford,32,1986,14.8,23,11,16,5,2,10,30,33.3,20,175,54,30.9,99,62,14,30,7,0,23,10,89,1,Matches
282,Anthony Martial\Anthony-Martial,fr FRA,FW,Manchester Utd,23,1995,26.2,14,12,1,4,9,0,9,0.0,9,357,103,28.9,20,121,216,15,0,0,15,4,16,0,Matches
283,David Martin\David-Martin,eng ENG,GK,West Ham,33,1986,4.8,0,0,0,0,0,0,0,,0,1,1,100.0,1,0,0,1,0,0,1,0,0,1,Matches
284,Josh Martin\Josh-Martin,eng ENG,FW,Norwich City,17,2001,0.4,0,0,0,0,0,0,0,,0,9,2,22.2,5,3,1,1,0,0,1,1,0,0,Matches
285,Martinelli\Martinelli,br BRA,FW,Arsenal,18,2001,7.4,23,13,12,9,2,6,17,35.3,11,247,69,27.9,88,101,58,20,1,0,19,3,7,0,Matches
286,Emiliano Martínez\Emiliano-Martinez,ar ARG,GK,Arsenal,26,1992,5.6,0,0,0,0,0,0,0,,0,1,0,0.0,1,0,0,0,0,0,0,0,0,0,Matches
287,Adam Masina\Adam-Masina,it ITA,DF,Watford,25,1994,18.7,38,23,24,11,3,12,38,31.6,26,246,73,29.7,112,102,32,39,12,2,27,26,96,2,Matches
288,Arthur Masuaku\Arthur-Masuaku,cd COD,DF,West Ham,25,1993,10.2,41,27,27,11,3,10,28,35.7,18,215,63,29.3,122,79,14,28,3,0,25,13,29,1,Matches
289,Juan Mata\Juan-Mata,es ESP,MFFW,Manchester Utd,31,1988,8.4,8,7,2,4,2,2,13,15.4,11,118,35,29.7,18,54,46,7,1,0,6,0,1,0,Matches
290,Nemanja Matić\Nemanja-Matic,rs SRB,MF,Manchester Utd,30,1988,15.3,32,19,15,16,1,8,28,28.6,20,235,67,28.5,87,131,17,27,7,0,20,18,32,1,Matches
291,Joël Matip\Joel-Matip,cm CMR,DF,Liverpool,27,1991,7.8,13,9,5,6,2,5,12,41.7,7,64,27,42.2,35,27,2,7,3,0,4,13,76,0,Matches
292,Neal Maupay\Neal-Maupay,fr FRA,FW,Brighton,22,1996,27.9,24,15,6,12,6,6,33,18.2,27,654,169,25.8,68,255,331,28,2,0,26,4,6,0,Matches
293,James McArthur\James-McArthur,sco SCO,MF,Crystal Palace,31,1987,31.8,98,61,44,41,13,31,95,32.6,64,872,238,27.3,338,415,119,90,22,1,68,59,57,0,Matches
294,Oliver McBurnie\Oliver-McBurnie,sco SCO,FW,Sheffield Utd,23,1996,21.3,31,19,8,17,6,7,34,20.6,27,561,136,24.2,53,264,244,31,3,0,28,16,40,0,Matches
295,Alex McCarthy\Alex-McCarthy,eng ENG,GK,Southampton,29,1989,25.0,0,0,0,0,0,0,0,,0,0,0,,0,0,0,0,0,0,0,0,0,1,Matches
296,James McCarthy\James-McCarthy,ie IRL,MF,Crystal Palace,28,1990,15.8,68,38,32,31,5,23,50,46.0,27,364,103,28.3,152,170,42,30,5,0,25,23,18,0,Matches
297,John McGinn\John-McGinn,sco SCO,MF,Aston Villa,24,1994,22.7,53,36,23,19,11,20,62,32.3,42,466,131,28.1,125,236,105,31,2,0,29,21,19,1,Matches
298,David McGoldrick\David-McGoldrick,ie IRL,FW,Sheffield Utd,31,1987,18.7,40,26,10,23,7,5,17,29.4,12,442,113,25.6,45,235,162,20,3,1,17,3,23,0,Matches
299,Michael McGovern\Michael-McGovern,nir NIR,GK,Norwich City,35,1984,1.8,0,0,0,0,0,0,0,,0,0,0,,0,0,0,0,0,0,0,0,0,0,Matches
300,Kenny McLean\Kenny-McLean,sco SCO,MF,Norwich City,27,1992,31.0,44,31,23,17,4,15,49,30.6,34,545,150,27.5,205,260,80,47,8,1,39,37,64,0,Matches
301,Dwight McNeil\Dwight-McNeil,eng ENG,MF,Burnley,19,1999,34.1,51,26,20,19,12,16,61,26.2,45,696,170,24.4,197,321,178,66,6,1,60,27,30,0,Matches
302,Scott McTominay\Scott-McTominay,sco SCO,MF,Manchester Utd,22,1996,18.9,48,29,19,25,4,15,35,42.9,20,250,77,30.8,89,133,28,39,6,0,33,31,49,0,Matches
303,Ben Mee\Ben-Mee,eng ENG,DF,Burnley,29,1989,32.0,35,16,23,12,0,19,36,52.8,17,176,56,31.8,108,62,6,65,34,0,31,44,278,0,Matches
304,Benjamin Mendy\Benjamin-Mendy,fr FRA,DF,Manchester City,25,1994,15.7,22,17,9,8,5,10,29,34.5,19,140,41,29.3,58,52,30,21,2,0,19,16,37,3,Matches
305,Nampalys Mendy\Nampalys-Mendy,fr FRA,MF,Leicester City,27,1992,3.0,7,4,4,2,1,1,2,50.0,1,41,13,31.7,22,18,1,5,1,0,4,6,7,0,Matches
306,Chris Mepham\Chris-Mepham,wal WAL,DF,Bournemouth,21,1997,10.1,23,14,14,9,0,9,16,56.3,7,132,49,37.1,83,42,7,20,12,0,8,17,75,1,Matches
307,Max Meyer\Max-Meyer,de GER,MFFW,Crystal Palace,23,1995,7.3,17,8,9,8,0,4,17,23.5,13,144,39,27.1,64,63,17,13,1,0,12,9,3,0,Matches
308,Luka Milivojević\Luka-Milivojevic,rs SRB,MF,Crystal Palace,28,1991,26.9,57,35,32,23,2,27,75,36.0,48,501,128,25.5,239,223,39,46,7,0,39,37,64,1,Matches
309,James Milner\James-Milner,eng ENG,MFDF,Liverpool,33,1986,9.1,14,8,3,9,2,4,20,20.0,16,148,37,25.0,46,80,22,13,3,1,10,7,23,0,Matches
310,Yerry Mina\Yerry-Mina,co COL,DF,Everton,24,1994,25.4,43,20,30,11,2,15,27,55.6,12,229,66,28.8,155,60,14,37,18,0,19,29,178,1,Matches
311,Takumi Minamino\Takumi-Minamino,jp JPN,FWMF,Liverpool,24,1995,1.7,4,3,1,3,0,1,5,20.0,4,52,18,34.6,10,23,19,2,0,0,2,0,1,0,Matches
312,Tyrone Mings\Tyrone-Mings,eng ENG,DF,Aston Villa,26,1993,29.2,23,15,17,5,1,10,17,58.8,7,150,62,41.3,101,39,10,67,53,2,14,33,202,6,Matches
313,Tyrick Mitchell\Tyrick-Mitchell,eng ENG,DF,Crystal Palace,19,1999,0.1,0,0,0,0,0,0,0,,0,2,1,50.0,0,1,1,1,0,0,1,0,0,0,Matches
314,Henrikh Mkhitaryan\Henrikh-Mkhitaryan,am ARM,FW,Arsenal,30,1989,1.2,0,0,0,0,0,0,3,0.0,3,32,8,25.0,4,16,12,2,0,0,2,0,1,0,Matches
315,Nacho Monreal\Nacho-Monreal,es ESP,DF,Arsenal,33,1986,3.0,4,4,3,1,0,1,3,33.3,2,34,10,29.4,19,13,2,3,1,0,2,3,17,0,Matches
316,Martín Montoya\Martin-Montoya,es ESP,DF,Brighton,28,1991,20.8,49,28,30,14,5,22,50,44.0,28,370,91,24.6,160,157,53,40,6,0,34,29,54,1,Matches
317,Simon Moore\Simon-Moore,eng ENG,GK,Sheffield Utd,29,1990,2.0,0,0,0,0,0,0,1,0.0,1,3,0,0.0,3,0,0,0,0,0,0,0,0,0,Matches
318,Aaron Mooy\Aaron-Mooy,au AUS,MFFW,Brighton,28,1990,22.0,42,30,12,19,11,8,43,18.6,35,399,121,30.3,104,187,108,46,6,1,40,22,27,0,Matches
319,Wesley Moraes\Wesley-Moraes,br BRA,FW,Aston Villa,22,1996,19.8,14,10,2,6,6,0,5,0.0,5,313,78,24.9,17,145,151,18,6,0,12,4,26,0,Matches
320,Wes Morgan\Wes-Morgan,jm JAM,DF,Leicester City,35,1984,1.8,1,1,0,1,0,0,1,0.0,1,8,6,75.0,3,5,0,3,2,0,1,2,16,0,Matches
321,Ravel Morrison\Ravel-Morrison,eng ENG,MF,Sheffield Utd,26,1993,0.1,0,0,0,0,0,0,0,,0,3,1,33.3,0,1,2,0,0,0,0,0,0,0,Matches
322,Mason Mount\Mason-Mount,eng ENG,MFFW,Chelsea,20,1999,30.3,46,30,14,20,12,13,46,28.3,33,698,194,27.8,118,325,255,25,1,0,24,15,16,0,Matches
323,Lucas Moura\Lucas-Moura,br BRA,FWMF,Tottenham,26,1992,22.5,43,26,13,19,11,11,54,20.4,43,481,129,26.8,87,267,127,38,2,0,36,15,16,0,Matches
324,Lys Mousset\Lys-Mousset,fr FRA,FW,Sheffield Utd,23,1996,13.3,11,4,2,5,4,2,7,28.6,5,291,82,28.2,11,117,163,10,3,0,7,3,2,0,Matches
325,João Moutinho\Joao-Moutinho,pt POR,MF,Wolves,32,1986,32.2,89,53,42,37,10,43,140,30.7,97,845,203,24.0,292,458,95,61,12,0,49,46,25,2,Matches
326,Glenn Murray\Glenn-Murray,eng ENG,FW,Brighton,35,1983,8.0,3,2,0,2,1,0,4,0.0,4,123,30,24.4,9,60,54,5,1,0,4,1,7,0,Matches
327,Shkodran Mustafi\Shkodran-Mustafi,de GER,DF,Arsenal,27,1992,13.4,14,9,9,4,1,2,13,15.4,11,108,36,33.3,52,50,6,15,7,0,8,18,111,2,Matches
328,Yoshinori Mutō\Yoshinori-Muto,jp JPN,FWMF,Newcastle Utd,27,1992,2.4,3,2,0,3,0,0,3,0.0,3,52,13,25.0,7,24,21,1,0,0,1,0,0,0,Matches
329,Georges-Kévin N'Koudou\Georges-Kevin-NKoudou,fr FRA,FW,Tottenham,24,1995,0.0,0,0,0,0,0,0,1,0.0,1,7,3,42.9,0,2,5,0,0,0,0,0,0,0,Matches
330,Marvelous Nakamba\Marvelous-Nakamba,zw ZIM,MF,Aston Villa,25,1994,20.0,65,47,32,29,4,15,68,22.1,53,485,165,34.0,209,238,38,60,10,0,50,38,33,1,Matches
331,Wilfred Ndidi\Wilfred-Ndidi,ng NGA,MF,Leicester City,22,1996,26.9,108,66,51,46,11,34,99,34.3,65,670,223,33.3,253,352,65,64,5,0,59,77,80,1,Matches
332,Tanguy Ndombele\Tanguy-Ndombele,fr FRA,MF,Tottenham,22,1996,11.2,27,19,12,14,1,10,27,37.0,17,226,56,24.8,79,107,40,27,4,0,23,13,8,0,Matches
333,Reiss Nelson\Reiss-Nelson,eng ENG,FW,Arsenal,19,1999,6.2,10,5,7,2,1,6,11,54.5,5,151,27,17.9,45,66,40,13,1,0,12,3,2,0,Matches
334,Pedro Neto\Pedro-Neto,pt POR,FWMF,Wolves,19,2000,9.7,8,4,2,6,0,1,12,8.3,11,223,61,27.4,49,113,61,5,0,0,5,7,5,0,Matches
335,Rúben Neves\Ruben-Neves,pt POR,MF,Wolves,22,1997,31.3,58,39,24,29,5,31,96,32.3,65,630,151,24.0,275,316,39,66,10,1,56,51,47,0,Matches
336,Jeremy Ngakia\Jeremy-Ngakia,eng ENG,DF,West Ham,18,2000,4.9,19,12,16,3,0,7,23,30.4,16,112,34,30.4,79,29,4,11,1,0,10,7,17,0,Matches
337,Oumar Niasse\Oumar-Niasse,sn SEN,FW,Everton,29,1990,0.2,4,1,0,2,2,2,2,100.0,0,9,1,11.1,1,5,3,2,0,0,2,1,0,0,Matches
338,Eddie Nketiah\Eddie-Nketiah,eng ENG,FW,Arsenal,20,1999,5.7,8,5,3,4,1,2,6,33.3,4,149,35,23.5,9,73,67,4,0,0,4,1,4,0,Matches
339,Mark Noble\Mark-Noble,eng ENG,MF,West Ham,32,1987,26.8,47,33,19,24,4,16,67,23.9,51,468,125,26.7,153,240,75,26,5,0,21,21,14,0,Matches
340,Oliver Norwood\Oliver-Norwood,nir NIR,MF,Sheffield Utd,28,1991,32.5,71,41,40,25,6,22,86,25.6,64,555,152,27.4,253,243,59,45,13,0,32,50,62,0,Matches
341,Ørjan Nyland\Orjan-Nyland,no NOR,GK,Aston Villa,28,1990,6.0,0,0,0,0,0,0,0,,0,0,0,,0,0,0,0,0,0,0,0,1,1,Matches
342,Jack O'Connell\Jack-OConnell,eng ENG,DF,Sheffield Utd,25,1994,30.4,33,19,21,9,3,12,26,46.2,14,250,86,34.4,147,79,24,71,21,0,50,37,206,1,Matches
343,Michael Obafemi\Michael-Obafemi,ie IRL,FW,Southampton,19,2000,6.9,6,2,1,1,4,3,12,25.0,9,170,55,32.4,20,57,93,4,1,0,3,4,0,0,Matches
344,Angelo Ogbonna\Angelo-Ogbonna,it ITA,DF,West Ham,31,1988,28.0,39,30,26,10,3,13,34,38.2,21,288,107,37.2,212,61,15,66,28,0,38,31,149,0,Matches
345,Divock Origi\Divock-Origi,be BEL,FW,Liverpool,24,1995,7.1,14,10,2,7,5,4,7,57.1,3,136,46,33.8,15,59,62,6,0,0,6,4,7,0,Matches
346,Ben Osborn\Ben-Osborn,eng ENG,MFDF,Sheffield Utd,24,1994,5.4,18,10,14,3,1,4,14,28.6,10,130,33,25.4,50,53,27,15,1,0,14,5,9,0,Matches
347,Nicolás Otamendi\Nicolas-Otamendi,ar ARG,DF,Manchester City,31,1988,18.1,22,12,19,2,1,13,30,43.3,17,101,35,34.7,58,37,6,25,10,0,15,19,83,2,Matches
348,Alex Oxlade-Chamberlain\Alex-Oxlade-Chamberlain,eng ENG,MFFW,Liverpool,25,1993,15.0,21,13,4,11,6,5,24,20.8,19,345,105,30.4,73,159,113,27,2,0,25,20,7,0,Matches
349,Mesut Özil\Mesut-Ozil,de GER,MF,Arsenal,30,1988,16.0,13,10,9,4,0,2,19,10.5,17,305,63,20.7,67,178,60,9,0,0,9,5,3,0,Matches
350,Emerson Palmieri\Emerson-Palmieri,it ITA,DF,Chelsea,24,1994,11.3,22,7,9,10,3,6,13,46.2,7,125,43,34.4,37,60,28,30,2,0,28,17,22,0,Matches
351,Sokratis Papastathopoulos\Sokratis-Papastathopoulos,gr GRE,DF,Arsenal,31,1988,18.8,23,13,17,5,1,11,25,44.0,14,181,51,28.2,121,55,5,41,22,0,19,14,108,0,Matches
352,Troy Parrott\Troy-Parrott,ie IRL,MF,Tottenham,17,2002,0.1,0,0,0,0,0,0,0,,0,4,2,50.0,2,0,2,0,0,0,0,0,0,0,Matches
353,Rui Patrício\Rui-Patricio,pt POR,GK,Wolves,31,1988,35.0,0,0,0,0,0,0,1,0.0,1,4,0,0.0,4,0,0,1,0,0,1,2,1,1,Matches
354,Pedro\Pedro,es ESP,FW,Chelsea,32,1987,7.3,17,10,7,7,3,3,18,16.7,15,152,49,32.2,34,72,46,7,0,0,7,9,1,0,Matches
355,João Pedro\Joao-Pedro,br BRA,FW,Watford,17,2001,0.2,0,0,0,0,0,0,0,,0,2,0,0.0,1,1,0,0,0,0,0,0,0,0,Matches
356,Nicolas Pépé\Nicolas-Pepe,ci CIV,FW,Arsenal,24,1995,20.2,28,18,13,12,3,9,21,42.9,12,339,86,25.4,89,149,101,18,1,0,17,7,2,0,Matches
357,Andreas Pereira\Andreas-Pereira,br BRA,MFFW,Manchester Utd,23,1996,16.5,22,12,5,11,6,10,42,23.8,32,429,114,26.6,79,235,115,24,0,0,24,6,6,0,Matches
358,Ricardo Pereira\Ricardo-Pereira,pt POR,DF,Leicester City,25,1993,28.0,122,68,71,35,16,56,121,46.3,65,563,176,31.3,272,189,102,59,8,0,51,43,97,2,Matches
359,Roberto Pereyra\Roberto-Pereyra,ar ARG,FWMF,Watford,28,1991,16.4,16,9,8,4,4,4,22,18.2,18,308,85,27.6,65,145,98,34,1,0,33,9,5,0,Matches
360,Ayoze Pérez\Ayoze-Perez,es ESP,MFFW,Leicester City,26,1993,20.5,48,31,15,24,9,14,55,25.5,41,543,162,29.8,105,275,163,29,2,0,27,12,11,0,Matches
361,Jordan Pickford\Jordan-Pickford,eng ENG,GK,Everton,25,1994,35.0,0,0,0,0,0,0,5,0.0,5,8,3,37.5,8,0,0,0,0,0,0,1,1,1,Matches
362,Brandon Pierrick\Brandon-Pierrick,eng ENG,DFFW,Crystal Palace,17,2001,0.2,0,0,0,0,0,0,0,,0,1,0,0.0,0,1,0,0,0,0,0,1,1,0,Matches
363,Erik Pieters\Erik-Pieters,nl NED,DFMF,Burnley,30,1988,17.9,52,39,22,27,3,18,51,35.3,33,305,78,25.6,144,124,37,57,7,0,50,22,85,0,Matches
364,Daniel Podence\Daniel-Podence,pt POR,FWMF,Wolves,23,1995,1.3,0,0,0,0,0,0,2,0.0,2,17,6,35.3,4,9,4,1,0,0,1,1,3,0,Matches
365,Paul Pogba\Paul-Pogba,fr FRA,MF,Manchester Utd,26,1993,10.4,19,12,10,7,2,6,16,37.5,10,132,46,34.8,51,56,25,10,5,0,5,4,13,1,Matches
366,Nick Pope\Nick-Pope,eng ENG,GK,Burnley,27,1992,35.0,0,0,0,0,0,0,1,0.0,1,5,1,20.0,5,0,0,1,0,0,1,2,0,1,Matches
367,Dennis Praet\Dennis-Praet,be BEL,MF,Leicester City,25,1994,12.2,29,18,7,18,4,10,31,32.3,21,294,76,25.9,88,157,49,24,2,0,22,13,13,1,Matches
368,Sebastian Prödl\Sebastian-Prodl,at AUT,DF,Watford,32,1987,0.6,0,0,0,0,0,0,0,,0,3,0,0.0,2,1,0,0,0,0,0,0,4,0,Matches
369,Davy Pröpper\Davy-Propper,nl NED,MF,Brighton,27,1991,30.3,58,38,29,23,6,22,67,32.8,45,467,143,30.6,186,228,53,36,9,0,27,30,39,2,Matches
370,Teemu Pukki\Teemu-Pukki,fi FIN,FW,Norwich City,29,1990,31.2,17,12,4,5,8,2,37,5.4,35,594,157,26.4,45,243,306,22,3,0,19,6,9,0,Matches
371,Christian Pulisic\Christian-Pulisic,us USA,FW,Chelsea,20,1998,17.9,30,19,16,10,4,11,32,34.4,21,334,98,29.3,88,154,92,19,0,0,19,6,11,0,Matches
372,Ignacio Pussetto\Ignacio-Pussetto,ar ARG,FWDF,Watford,23,1995,0.8,6,3,3,2,1,3,9,33.3,6,38,8,21.1,19,17,2,3,1,1,2,3,4,0,Matches
373,Domingos Quina\Domingos-Quina,pt POR,MF,Watford,19,1999,0.2,1,0,1,0,0,1,3,33.3,2,16,3,18.8,5,7,4,2,0,0,2,0,0,0,Matches
374,Aaron Ramsdale\Aaron-Ramsdale,eng ENG,GK,Bournemouth,21,1998,34.0,0,0,0,0,0,0,2,0.0,2,6,0,0.0,6,0,0,1,0,0,1,0,0,2,Matches
375,Darren Randolph\Darren-Randolph,ie IRL,GK,West Ham,32,1987,2.0,0,0,0,0,0,0,0,,0,0,0,,0,0,0,0,0,0,0,0,0,0,Matches
376,Marcus Rashford\Marcus-Rashford,eng ENG,FW,Manchester Utd,21,1997,26.4,12,6,1,7,4,7,24,29.2,17,345,92,26.7,31,155,159,19,0,0,19,8,19,0,Matches
377,Nathan Redmond\Nathan-Redmond,eng ENG,MFFW,Southampton,25,1994,27.7,53,43,15,23,15,18,57,31.6,39,611,180,29.5,157,243,211,34,2,0,32,14,13,0,Matches
378,Pepe Reina\Pepe-Reina,es ESP,GK,Aston Villa,36,1982,9.0,0,0,0,0,0,0,1,0.0,1,4,1,25.0,4,0,0,0,0,0,0,0,1,2,Matches
379,Declan Rice\Declan-Rice,eng ENG,MF,West Ham,20,1999,35.0,114,85,61,49,4,30,90,33.3,60,754,220,29.2,354,353,47,63,9,0,54,68,57,0,Matches
380,Richarlison\Richarlison,br BRA,FW,Everton,22,1997,31.3,62,40,23,27,12,18,53,34.0,35,670,176,26.3,105,319,246,31,5,0,26,11,45,0,Matches
381,Diego Rico\Diego-Rico,es ESP,DF,Bournemouth,26,1993,22.9,56,35,37,17,2,15,43,34.9,28,352,109,31.0,189,112,51,71,6,0,65,73,93,0,Matches
382,Jaïro Riedewald\Jairo-Riedewald,nl NED,DFMF,Crystal Palace,22,1996,8.0,13,10,5,7,1,7,12,58.3,5,107,35,32.7,49,44,14,13,2,0,11,14,17,0,Matches
383,Matt Ritchie\Matt-Ritchie,sco SCO,DFMF,Newcastle Utd,29,1989,11.6,17,11,6,8,3,1,12,8.3,11,180,42,23.3,70,66,44,19,3,0,16,11,26,0,Matches
384,Roberto\Roberto,es ESP,GK,West Ham,33,1986,7.6,0,0,0,0,0,0,0,,0,0,0,,0,0,0,0,0,0,0,0,0,0,Matches
385,Patrick Roberts\Patrick-Roberts,eng ENG,MFFW,Norwich City,22,1997,0.3,0,0,0,0,0,0,0,,0,4,1,25.0,2,2,0,0,0,0,0,0,0,0,Matches
386,Andrew Robertson\Andrew-Robertson,sco SCO,DF,Liverpool,25,1994,31.6,60,32,19,25,16,31,67,46.3,36,372,126,33.9,131,140,101,55,7,0,48,34,79,0,Matches
387,Callum Robinson\Callum-Robinson,ie IRL,FW,Sheffield Utd,24,1995,7.5,4,4,1,1,2,1,4,25.0,3,178,50,28.1,29,80,69,4,0,0,4,5,2,0,Matches
388,Jack Robinson\Jack-Robinson,eng ENG,DF,Sheffield Utd,25,1993,4.6,9,3,5,4,0,4,8,50.0,4,43,14,32.6,25,16,2,12,3,0,9,7,32,0,Matches
389,Rodri\Rodri,es ESP,MF,Manchester City,23,1996,25.9,61,43,23,30,8,26,65,40.0,39,424,124,29.2,132,233,59,25,6,0,19,27,59,0,Matches
390,Jay Rodriguez\Jay-Rodriguez,eng ENG,FW,Burnley,30,1989,20.0,32,16,7,16,9,5,34,14.7,29,531,138,26.0,72,229,230,38,9,0,29,5,6,0,Matches
391,Jack Rodwell\Jack-Rodwell,eng ENG,MF,Sheffield Utd,28,1991,0.2,0,0,0,0,0,0,0,,0,1,0,0.0,1,0,0,0,0,0,0,0,1,0,Matches
392,Marcos Rojo\Marcos-Rojo,ar ARG,DF,Manchester Utd,29,1990,1.4,2,1,1,1,0,0,3,0.0,3,16,4,25.0,6,9,1,1,1,0,0,0,9,0,Matches
393,Oriol Romeu\Oriol-Romeu,es ESP,MF,Southampton,27,1991,18.3,51,35,19,27,5,26,76,34.2,50,414,130,31.4,155,213,46,50,14,0,36,31,49,0,Matches
394,Danny Rose\Danny-Rose,eng ENG,DF,Tottenham,29,1990,9.9,16,13,5,7,4,7,17,41.2,10,103,34,33.0,47,35,21,23,7,0,16,7,34,0,Matches
395,Danny Rose\Danny-Rose,eng ENG,DF,Newcastle Utd,29,1990,7.8,22,13,13,8,1,9,18,50.0,9,73,23,31.5,42,26,5,10,1,0,9,4,19,0,Matches
396,Antonio Rüdiger\Antonio-Rudiger,de GER,DF,Chelsea,26,1993,17.0,33,22,20,12,1,12,17,70.6,5,130,49,37.7,85,43,2,25,8,0,17,12,94,2,Matches
397,Lukas Rupp\Lukas-Rupp,de GER,FWMF,Norwich City,28,1991,6.6,8,6,3,3,2,2,13,15.4,11,140,36,25.7,58,61,21,11,1,0,10,9,2,0,Matches
398,Mathew Ryan\Mathew-Ryan,au AUS,GK,Brighton,27,1992,35.0,0,0,0,0,0,0,5,0.0,5,10,3,30.0,10,0,0,0,0,0,0,2,2,3,Matches
399,Allan Saint-Maximin\Allan-Saint-Maximin,fr FRA,MFFW,Newcastle Utd,22,1997,18.4,16,10,10,2,4,5,23,21.7,18,226,59,26.1,73,94,59,21,3,0,18,8,6,0,Matches
400,Romain Saïss\Romain-Saiss,ma MAR,DF,Wolves,29,1990,28.1,60,27,41,19,0,21,42,50.0,21,329,112,34.0,218,102,9,55,19,0,36,45,190,1,Matches
401,Bukayo Saka\Bukayo-Saka,eng ENG,DFFW,Arsenal,17,2001,17.9,37,21,19,11,7,13,33,39.4,20,276,80,29.0,100,101,75,22,4,0,18,9,19,1,Matches
402,Mamadou Sakho\Mamadou-Sakho,fr FRA,DF,Crystal Palace,29,1990,9.1,10,7,8,1,1,0,4,0.0,4,43,14,32.6,28,15,0,11,5,0,6,19,45,1,Matches
403,Mohamed Salah\Mohamed-Salah,eg EGY,FW,Liverpool,27,1992,29.9,18,11,3,4,11,4,27,14.8,23,516,170,32.9,48,151,317,11,2,0,9,7,2,0,Matches
404,Mbwana Samatta\Mbwana-Samatta,tz TAN,FW,Aston Villa,26,1992,8.2,7,5,1,4,2,1,7,14.3,6,141,39,27.7,6,69,66,5,1,0,4,1,4,0,Matches
405,Carlos Sánchez\Carlos-Sanchez,co COL,MFDF,West Ham,33,1986,1.3,2,1,0,2,0,1,1,100.0,0,26,6,23.1,6,18,2,2,0,0,2,2,5,0,Matches
406,Davinson Sánchez\Davinson-Sanchez,co COL,DF,Tottenham,23,1996,25.0,48,35,36,12,0,17,51,33.3,34,263,97,36.9,176,81,6,47,21,0,26,32,153,2,Matches
407,Leroy Sané\Leroy-Sane,de GER,FW,Manchester City,23,1996,0.1,0,0,0,0,0,0,0,,0,0,0,,0,0,0,0,0,0,0,0,0,0,Matches
408,Ismaila Sarr\Ismaila-Sarr,sn SEN,FWMF,Watford,21,1998,19.5,23,17,11,6,6,4,20,20.0,16,380,95,25.0,94,167,119,15,3,0,12,12,6,0,Matches
409,Fabian Schär\Fabian-Schar,ch SUI,DFMF,Newcastle Utd,27,1991,17.6,49,27,35,12,2,22,46,47.8,24,218,55,25.2,143,67,8,43,21,1,22,49,102,2,Matches
410,Ezequiel Schelotto\Ezequiel-Schelotto,it ITA,DF,Brighton,30,1989,4.0,6,5,4,1,1,0,5,0.0,5,47,14,29.8,26,14,7,7,0,0,7,7,17,0,Matches
411,Jeffrey Schlupp\Jeffrey-Schlupp,gh GHA,MFDF,Crystal Palace,26,1992,9.6,19,6,11,8,0,3,13,23.1,10,129,32,24.8,50,60,19,20,3,0,17,10,14,0,Matches
412,Kasper Schmeichel\Kasper-Schmeichel,dk DEN,GK,Leicester City,32,1986,35.0,0,0,0,0,0,0,1,0.0,1,5,2,40.0,5,0,0,0,0,0,0,0,0,0,Matches
413,Morgan Schneiderlin\Morgan-Schneiderlin,fr FRA,MF,Everton,29,1989,11.1,32,19,14,16,2,9,34,26.5,25,230,58,25.2,89,122,19,22,3,0,19,21,24,0,Matches
414,Ryan Sessegnon\Ryan-Sessegnon,eng ENG,DF,Tottenham,19,2000,3.8,5,0,2,3,0,2,5,40.0,3,51,11,21.6,21,19,11,4,0,0,4,1,15,0,Matches
415,Xherdan Shaqiri\Xherdan-Shaqiri,ch SUI,FW,Liverpool,27,1991,2.0,1,0,0,1,0,0,0,,0,39,12,30.8,11,13,15,0,0,0,0,0,0,0,Matches
416,Billy Sharp\Billy-Sharp,eng ENG,FW,Sheffield Utd,33,1986,10.2,9,5,3,2,4,1,4,25.0,3,194,49,25.3,16,80,98,4,0,0,4,1,1,0,Matches
417,Luke Shaw\Luke-Shaw,eng ENG,DF,Manchester Utd,24,1995,19.3,35,25,18,10,7,16,36,44.4,20,274,78,28.5,120,118,36,53,7,0,46,22,58,0,Matches
418,Jonjo Shelvey\Jonjo-Shelvey,eng ENG,MF,Newcastle Utd,27,1992,20.5,29,16,14,14,1,8,36,22.2,28,353,80,22.7,157,170,26,25,5,0,20,21,51,0,Matches
419,Djibril Sidibé\Djibril-Sidibe,fr FRA,DF,Everton,27,1992,18.9,83,39,47,21,15,34,72,47.2,38,376,109,29.0,190,127,59,33,2,0,31,39,45,0,Matches
420,Gylfi Sigurðsson\Gylfi-Sigurdsson,is ISL,MF,Everton,29,1989,26.3,56,43,14,29,13,23,84,27.4,61,622,154,24.8,154,333,135,46,4,0,42,33,15,1,Matches
421,Bernardo Silva\Bernardo-Silva,pt POR,FWMF,Manchester City,24,1994,21.0,35,24,14,12,9,12,44,27.3,32,391,120,30.7,60,171,160,36,1,0,35,26,9,0,Matches
422,David Silva\David-Silva,es ESP,MF,Manchester City,33,1986,18.4,23,13,3,11,9,10,25,40.0,15,283,90,31.8,30,139,114,19,3,0,16,10,6,0,Matches
423,Jack Simpson\Jack-Simpson,eng ENG,DF,Bournemouth,22,1997,2.7,5,2,5,0,0,2,6,33.3,4,32,4,12.5,17,13,2,2,0,0,2,2,13,1,Matches
424,Moussa Sissoko\Moussa-Sissoko,fr FRA,MF,Tottenham,29,1989,24.4,50,31,31,18,1,19,46,41.3,27,403,117,29.0,203,154,46,34,4,0,30,24,37,0,Matches
425,Oliver Skipp\Oliver-Skipp,eng ENG,MFDF,Tottenham,18,2000,0.7,2,1,1,1,0,1,2,50.0,1,29,5,17.2,13,13,3,2,1,0,1,0,0,0,Matches
426,William Smallbone\William-Smallbone,ie IRL,MF,Southampton,19,2000,2.8,6,2,1,4,1,3,10,30.0,7,54,20,37.0,9,24,21,9,1,0,8,2,2,0,Matches
427,Adam Smith\Adam-Smith,eng ENG,DF,Bournemouth,28,1991,21.8,51,29,31,15,5,24,52,46.2,28,392,108,27.6,175,150,67,54,6,1,48,24,52,0,Matches
428,Emile Smith-Rowe\Emile-Smith-Rowe,eng ENG,MF,Arsenal,19,2000,1.1,1,1,1,0,0,1,3,33.3,2,22,7,31.8,6,10,6,1,0,0,1,1,3,0,Matches
429,Robert Snodgrass\Robert-Snodgrass,sco SCO,MFFW,West Ham,31,1987,16.8,27,10,17,9,1,10,40,25.0,30,367,90,24.5,118,185,64,21,2,0,19,5,16,0,Matches
430,Cédric Soares\Cedric-Soares,pt POR,DF,Southampton,27,1991,14.5,46,24,22,21,3,18,38,47.4,20,298,92,30.9,144,114,40,37,4,0,33,18,59,0,Matches
431,Cédric Soares\Cedric-Soares,pt POR,DF,Arsenal,27,1991,1.1,4,3,0,4,0,1,2,50.0,1,29,10,34.5,10,16,3,2,0,0,2,2,0,0,Matches
432,Dominic Solanke\Dominic-Solanke,eng ENG,FWMF,Bournemouth,21,1997,16.7,10,10,2,8,0,2,26,7.7,24,596,139,23.3,82,298,216,17,4,0,13,7,20,0,Matches
433,Tomáš Souček\Tomas-Soucek,cz CZE,MF,West Ham,24,1995,8.6,25,17,10,13,2,5,18,27.8,13,205,60,29.3,79,89,37,14,3,0,11,18,27,0,Matches
434,Çağlar Söyüncü\Caglar-Soyuncu,tr TUR,DF,Leicester City,23,1996,33.7,73,47,49,23,1,29,55,52.7,26,298,119,39.9,188,102,8,49,19,2,30,43,222,1,Matches
435,Dennis Srbeny\Dennis-Srbeny,de GER,MFFW,Norwich City,25,1994,0.5,5,4,3,2,0,1,3,33.3,2,20,9,45.0,4,9,7,0,0,0,0,0,1,0,Matches
436,Jack Stacey\Jack-Stacey,eng ENG,DF,Bournemouth,23,1996,15.2,19,12,12,5,2,5,18,27.8,13,221,55,24.9,109,70,42,39,9,0,30,19,48,1,Matches
437,Junior Stanislas\Junior-Stanislas,eng ENG,MF,Bournemouth,29,1989,6.1,7,4,1,2,4,1,4,25.0,3,87,29,33.3,27,31,29,8,0,0,8,4,1,0,Matches
438,Jed Steer\Jed-Steer,eng ENG,GK,Aston Villa,26,1992,0.1,0,0,0,0,0,0,0,,0,0,0,,0,0,0,0,0,0,0,0,0,0,Matches
439,Dale Stephens\Dale-Stephens,eng ENG,MF,Brighton,30,1989,25.1,68,34,26,34,8,20,68,29.4,48,427,137,32.1,183,210,34,38,12,0,26,54,41,3,Matches
440,Jack Stephens\Jack-Stephens,eng ENG,DF,Southampton,25,1994,25.2,51,32,37,13,1,20,48,41.7,28,210,73,34.8,137,65,8,54,25,0,29,28,170,2,Matches
441,Raheem Sterling\Raheem-Sterling,eng ENG,FW,Manchester City,24,1994,27.3,38,28,8,18,12,10,32,31.3,22,391,123,31.5,67,168,156,24,3,0,21,12,8,0,Matches
442,Enda Stevens\Enda-Stevens,ie IRL,DF,Sheffield Utd,29,1990,34.2,73,41,41,24,8,23,70,32.9,47,579,151,26.1,266,214,99,70,6,0,64,35,82,2,Matches
443,Marco Stiepermann\Marco-Stiepermann,de GER,MF,Norwich City,28,1991,12.3,16,6,7,7,2,6,20,30.0,14,247,52,21.1,39,130,78,14,3,0,11,5,16,0,Matches
444,John Stones\John-Stones,eng ENG,DF,Manchester City,25,1994,11.3,17,12,8,7,2,4,8,50.0,4,82,36,43.9,41,36,5,13,2,0,11,8,29,1,Matches
445,Isaac Success\Isaac-Success,ng NGA,FWMF,Watford,23,1996,0.8,0,0,0,0,0,0,0,,0,14,2,14.3,0,3,11,0,0,0,0,1,0,0,Matches
446,Ki Sung-yueng\Ki-Sung-yueng,kr KOR,MF,Newcastle Utd,30,1989,1.5,1,1,1,0,0,0,2,0.0,2,39,4,10.3,21,15,3,1,0,0,1,2,3,0,Matches
447,Andrew Surman\Andrew-Surman,eng ENG,MF,Bournemouth,32,1986,2.6,5,2,2,3,0,3,4,75.0,1,45,11,24.4,19,20,6,4,0,0,4,1,6,0,Matches
448,Sam Surridge\Sam-Surridge,eng ENG,FW,Bournemouth,21,1998,0.2,0,0,0,0,0,0,0,,0,9,2,22.2,0,4,5,0,0,0,0,0,0,0,Matches
449,Japhet Tanganga\Japhet-Tanganga,eng ENG,DF,Tottenham,20,1999,5.8,20,15,14,5,1,9,19,47.4,10,95,30,31.6,52,38,5,12,5,1,7,11,33,1,Matches
450,Matt Targett\Matt-Targett,eng ENG,DF,Aston Villa,23,1995,22.5,46,29,31,12,3,17,52,32.7,35,339,100,29.5,171,130,38,58,9,0,49,57,82,1,Matches
451,James Tarkowski\James-Tarkowski,eng ENG,DF,Burnley,26,1992,35.0,72,50,51,21,0,23,47,48.9,24,295,93,31.5,208,77,10,77,41,0,36,56,317,1,Matches
452,Charlie Taylor\Charlie-Taylor,eng ENG,DF,Burnley,25,1993,21.3,42,15,25,14,3,16,42,38.1,26,219,64,29.2,113,79,27,59,7,0,52,29,104,1,Matches
453,Neil Taylor\Neil-Taylor,wal WAL,DF,Aston Villa,30,1989,12.1,19,9,14,5,0,9,21,42.9,12,121,33,27.3,61,53,7,38,5,0,33,20,32,0,Matches
454,Nathan Tella\Nathan-Tella,eng ENG,FW,Southampton,20,1999,0.0,0,0,0,0,0,0,0,,0,2,0,0.0,0,1,1,0,0,0,0,0,0,0,Matches
455,Alexander Tettey\Alexander-Tettey,no NOR,MFDF,Norwich City,33,1986,25.0,27,19,9,16,2,12,42,28.6,30,366,90,24.6,172,172,22,39,15,0,24,42,79,0,Matches
456,Max Thompson\Max-Thompson,eng ENG,FW,Burnley,17,2002,0.0,0,0,0,0,0,0,0,,0,0,0,,0,0,0,0,0,0,0,0,0,0,Matches
457,Youri Tielemans\Youri-Tielemans,be BEL,MF,Leicester City,22,1997,28.9,49,33,16,22,11,14,66,21.2,52,566,149,26.3,148,299,119,45,6,0,39,28,23,0,Matches
458,Kieran Tierney\Kieran-Tierney,sco SCO,DF,Arsenal,22,1997,8.6,16,10,9,3,4,8,11,72.7,3,109,31,28.4,53,43,13,15,3,0,12,6,35,0,Matches
459,James Tomkins\James-Tomkins,eng ENG,DF,Crystal Palace,30,1989,17.6,30,14,23,7,0,12,18,66.7,6,138,45,32.6,98,35,5,33,15,0,18,23,138,0,Matches
460,Fikayo Tomori\Fikayo-Tomori,eng ENG,DF,Chelsea,21,1997,14.3,30,15,19,10,1,7,13,53.8,6,149,48,32.2,82,64,3,29,9,0,20,20,93,2,Matches
461,Lucas Torreira\Lucas-Torreira,uy URU,MF,Arsenal,23,1996,15.5,37,24,17,16,4,12,34,35.3,22,381,98,25.7,145,190,46,27,8,0,19,30,28,1,Matches
462,Cenk Tosun\Cenk-Tosun,tr TUR,FW,Crystal Palace,28,1991,2.0,2,2,2,0,0,0,0,,0,70,11,15.7,16,41,13,3,0,0,3,0,1,0,Matches
463,Cenk Tosun\Cenk-Tosun,tr TUR,FW,Everton,28,1991,3.2,2,0,0,0,2,0,2,0.0,2,54,16,29.6,1,21,32,2,1,0,1,0,1,0,Matches
464,Andros Townsend\Andros-Townsend,eng ENG,MF,Crystal Palace,28,1991,11.4,23,12,11,7,5,8,23,34.8,15,231,52,22.5,88,97,46,20,0,0,20,12,10,0,Matches
465,Adama Traoré\Adama-Traore,es ESP,FWMF,Wolves,23,1996,26.6,40,23,15,13,12,10,26,38.5,16,379,99,26.1,91,187,101,27,4,0,23,17,21,0,Matches
466,Mark Travers\Mark-Travers,ie IRL,GK,Bournemouth,20,1999,1.0,0,0,0,0,0,0,0,,0,0,0,,0,0,0,0,0,0,0,0,0,1,Matches
467,Trézéguet\Trezeguet,eg EGY,FWMF,Aston Villa,24,1994,19.0,35,22,17,13,5,5,38,13.2,33,472,118,25.0,147,211,114,37,2,0,35,25,16,0,Matches
468,Leandro Trossard\Leandro-Trossard,be BEL,FWMF,Brighton,24,1994,20.5,26,14,12,12,2,9,36,25.0,27,340,92,27.1,62,155,123,25,0,0,25,7,4,0,Matches
469,Tom Trybull\Tom-Trybull,de GER,MF,Norwich City,26,1993,12.6,49,30,26,18,5,18,66,27.3,48,392,112,28.6,175,200,17,21,7,0,14,16,38,0,Matches
470,Axel Tuanzebe\Axel-Tuanzebe,eng ENG,DF,Manchester Utd,21,1997,2.1,3,3,0,3,0,0,1,0.0,1,30,8,26.7,12,14,4,7,0,0,7,5,6,1,Matches
471,Yan Valery\Yan-Valery,fr FRA,DF,Southampton,20,1999,8.7,21,13,12,6,3,5,20,25.0,15,169,47,27.8,84,52,33,18,2,0,16,12,40,2,Matches
472,Jesús Vallejo\Jesus-Vallejo,es ESP,DF,Wolves,22,1997,1.8,4,3,4,0,0,1,3,33.3,2,20,6,30.0,8,10,2,4,3,0,1,1,13,0,Matches
473,Jamie Vardy\Jamie-Vardy,eng ENG,FW,Leicester City,32,1987,30.7,14,9,0,8,6,1,6,16.7,5,477,138,28.9,4,173,300,25,3,0,22,2,22,0,Matches
474,Indiana Vassilev\Indiana-Vassilev,us USA,FWMF,Aston Villa,18,2001,0.6,1,1,0,1,0,0,1,0.0,1,24,7,29.2,3,7,14,0,0,0,0,0,0,0,Matches
475,Jan Vertonghen\Jan-Vertonghen,be BEL,DF,Tottenham,32,1987,18.3,31,21,17,13,1,10,20,50.0,10,154,51,33.1,98,49,7,30,10,0,20,31,116,0,Matches
476,Jannik Vestergaard\Jannik-Vestergaard,dk DEN,DF,Southampton,26,1992,13.6,22,10,16,5,1,8,25,32.0,17,119,42,35.3,76,42,1,17,6,0,11,19,133,1,Matches
477,Rúben Vinagre\Ruben-Vinagre,pt POR,DF,Wolves,20,1999,6.0,23,12,16,5,2,10,15,66.7,5,98,34,34.7,53,34,11,20,2,0,18,6,17,0,Matches
478,Mario Vrančić\Mario-Vrancic,ba BIH,MF,Norwich City,30,1989,6.9,27,14,13,13,1,13,27,48.1,14,131,31,23.7,60,51,20,14,1,0,13,8,7,1,Matches
479,Matěj Vydra\Matej-Vydra,cz CZE,FW,Burnley,27,1992,8.4,4,2,1,2,1,2,5,40.0,3,161,40,24.8,14,58,89,12,3,0,9,1,7,0,Matches
480,Theo Walcott\Theo-Walcott,eng ENG,MFFW,Everton,30,1989,12.4,14,7,9,3,2,4,12,33.3,8,170,41,24.1,45,77,48,13,1,0,12,7,5,0,Matches
481,Kyle Walker\Kyle-Walker,eng ENG,DF,Manchester City,29,1990,24.4,31,22,13,17,1,18,31,58.1,13,243,95,39.1,88,115,40,30,5,1,25,26,58,0,Matches
482,Kyle Walker-Peters\Kyle-Walker-Peters,eng ENG,DF,Tottenham,22,1997,2.7,5,3,5,0,0,1,5,20.0,4,36,12,33.3,19,11,6,6,2,0,4,2,9,0,Matches
483,Kyle Walker-Peters\Kyle-Walker-Peters,eng ENG,DF,Southampton,22,1997,5.3,9,5,5,2,2,6,19,31.6,13,73,21,28.8,29,37,7,19,3,0,16,7,25,0,Matches
484,Aaron Wan-Bissaka\Aaron-Wan-Bissaka,eng ENG,DF,Manchester Utd,21,1997,31.6,128,58,78,42,8,44,71,62.0,27,575,159,27.7,288,212,75,96,13,0,83,57,99,0,Matches
485,Victor Wanyama\Victor-Wanyama,ke KEN,MF,Tottenham,28,1991,0.3,1,0,0,1,0,0,0,,0,6,0,0.0,2,3,1,0,0,0,0,0,1,0,Matches
486,Joel Ward\Joel-Ward,eng ENG,DF,Crystal Palace,29,1989,23.5,63,28,42,16,5,27,48,56.3,21,288,77,26.7,184,75,29,41,4,1,37,44,94,1,Matches
487,James Ward-Prowse\James-Ward-Prowse,eng ENG,MFDF,Southampton,24,1994,35.0,88,50,31,47,10,36,103,35.0,67,798,231,28.9,277,395,126,62,13,0,49,52,103,2,Matches
488,Adam Webster\Adam-Webster,eng ENG,DF,Brighton,24,1995,26.6,33,22,23,9,1,15,34,44.1,19,206,79,38.3,134,64,8,59,27,0,32,38,161,3,Matches
489,Danny Welbeck\Danny-Welbeck,eng ENG,FWMF,Watford,28,1990,6.9,9,8,3,5,1,1,9,11.1,8,141,45,31.9,31,66,44,9,0,0,9,4,5,0,Matches
490,Ashley Westwood\Ashley-Westwood,eng ENG,MF,Burnley,29,1990,32.0,41,26,16,18,7,16,56,28.6,40,569,137,24.1,193,289,87,42,9,0,33,29,32,1,Matches
491,Connor Wickham\Connor-Wickham,eng ENG,FWMF,Crystal Palace,26,1993,1.1,2,2,1,1,0,0,0,,0,28,10,35.7,3,13,12,3,1,0,2,0,1,0,Matches
492,Georginio Wijnaldum\Georginio-Wijnaldum,nl NED,MF,Liverpool,28,1990,30.0,32,27,12,14,6,5,32,15.6,27,451,143,31.7,120,231,100,32,4,0,28,17,33,1,Matches
493,Jetro Willems\Jetro-Willems,nl NED,DF,Newcastle Utd,25,1994,16.6,32,19,27,4,1,10,32,31.3,22,230,65,28.3,140,66,24,32,7,0,25,16,49,0,Matches
494,Brandon Williams\Brandon-Williams,eng ENG,DF,Manchester Utd,18,2000,9.2,14,3,8,4,2,5,20,25.0,15,139,33,23.7,61,51,27,26,3,0,23,8,21,0,Matches
495,Neco Williams\Neco-Williams,wal WAL,DF,Liverpool,18,2001,1.6,4,1,1,2,1,2,3,66.7,1,23,6,26.1,8,10,5,5,1,0,4,5,8,0,Matches
496,Willian\Willian,br BRA,FW,Chelsea,30,1988,28.2,41,26,12,22,7,11,47,23.4,36,490,141,28.8,94,241,155,20,1,0,19,20,11,0,Matches
497,Joe Willock\Joe-Willock,eng ENG,MFFW,Arsenal,19,1999,8.4,19,13,5,8,6,3,18,16.7,15,224,61,27.2,71,115,38,17,4,1,13,3,11,0,Matches
498,Jack Wilshere\Jack-Wilshere,eng ENG,MF,West Ham,27,1992,2.4,1,0,0,1,0,1,6,16.7,5,63,21,33.3,15,34,14,6,0,0,6,1,1,0,Matches
499,Callum Wilson\Callum-Wilson,eng ENG,FW,Bournemouth,27,1992,30.1,14,11,2,5,7,1,14,7.1,13,721,196,27.2,53,308,360,16,2,0,14,3,15,0,Matches
500,Harry Wilson\Harry-Wilson,wal WAL,MFFW,Bournemouth,22,1997,17.6,23,11,5,12,6,12,33,36.4,21,395,92,23.3,128,188,79,34,2,0,32,9,20,0,Matches
501,Harry Winks\Harry-Winks,eng ENG,MF,Tottenham,23,1996,21.7,39,22,19,20,0,19,55,34.5,36,397,120,30.2,181,182,34,30,8,0,22,32,30,0,Matches
502,Chris Wood\Chris-Wood,nz NZL,FW,Burnley,27,1991,24.2,9,6,1,3,5,4,17,23.5,13,388,88,22.7,22,145,221,16,4,0,12,3,15,0,Matches
503,Granit Xhaka\Granit-Xhaka,ch SUI,MF,Arsenal,26,1992,26.2,43,25,24,15,4,18,52,34.6,34,410,118,28.8,144,224,42,50,14,1,36,17,75,0,Matches
504,Andriy Yarmolenko\Andriy-Yarmolenko,ua UKR,MFFW,West Ham,29,1989,10.4,14,9,6,7,1,5,21,23.8,16,161,45,28.0,38,75,48,8,1,0,7,5,5,0,Matches
505,DeAndre Yedlin\DeAndre-Yedlin,us USA,DF,Newcastle Utd,26,1993,9.8,19,14,13,5,1,4,12,33.3,8,173,37,21.4,93,46,34,25,7,2,18,8,21,0,Matches
506,Maya Yoshida\Maya-Yoshida,jp JPN,DF,Southampton,30,1988,6.2,7,5,4,0,3,2,6,33.3,4,43,12,27.9,27,16,0,11,4,0,7,3,41,1,Matches
507,Ashley Young\Ashley-Young,eng ENG,DF,Manchester Utd,34,1985,10.6,10,4,4,3,3,2,21,9.5,19,119,35,29.4,47,57,15,24,2,0,22,10,30,0,Matches
508,Pablo Zabaleta\Pablo-Zabaleta,ar ARG,DF,West Ham,34,1985,6.6,15,10,9,5,1,4,15,26.7,11,93,27,29.0,53,25,15,16,3,0,13,13,20,0,Matches
509,Wilfried Zaha\Wilfried-Zaha,ci CIV,MFFW,Crystal Palace,26,1992,33.4,43,29,16,14,13,9,43,20.9,34,762,223,29.3,225,318,219,33,2,0,31,16,4,0,Matches
510,Christoph Zimmermann\Christoph-Zimmermann,de GER,DF,Norwich City,26,1993,14.4,29,19,21,7,1,16,20,80.0,4,111,35,31.5,82,28,1,25,16,1,9,16,111,1,Matches
511,Oleksandr Zinchenko\Oleksandr-Zinchenko,ua UKR,DF,Manchester City,22,1996,13.7,27,15,14,11,2,16,38,42.1,22,137,43,31.4,45,56,36,20,0,0,20,15,35,1,Matches
512,Richairo Živković\Richairo-Zivkovic,nl NED,FW,Sheffield Utd,22,1996,0.7,2,2,0,2,0,0,1,0.0,1,12,6,50.0,0,7,5,0,0,0,0,0,0,0,Matches
513,Kurt Zouma\Kurt-Zouma,fr FRA,DF,Chelsea,24,1994,24.0,30,15,24,6,0,3,8,37.5,5,161,48,29.8,93,65,3,31,14,0,17,49,154,3,Matches
