Rk,Player,Nation,Pos,Squad,90s,Gls,PK,PKatt,Sh,SoT,FK,SoT%,Sh/90,SoT/90,G/Sh,G/SoT,xG,npxG,npxG/Sh,G-xG,np:G-xG,Matches
1,Patrick van Aanholt\Patrick-van-Aanholt,nl NED,DF,Crystal Palace,16.0,2,1,1,13,2,1,15.4,0.81,0.12,0.08,0.50,1.5,0.8,0.06,+0.5,+0.2,Matches
2,Max Aarons\Max-Aarons,eng ENG,MF,Norwich City,18.0,0,0,0,9,2,0,22.2,0.50,0.11,0.00,0.00,0.3,0.3,0.03,-0.3,-0.3,Matches
3,Tammy Abraham\Tammy-Abraham,eng ENG,FW,Chelsea,16.6,12,0,0,58,24,0,41.4,3.50,1.45,0.21,0.50,9.0,9.0,0.16,+3.0,+3.0,Matches
4,Che Adams\Che-Adams,eng ENG,FW,Southampton,7.0,0,0,0,15,2,0,13.3,2.13,0.28,0.00,0.00,1.5,1.5,0.10,-1.5,-1.5,Matches
5,Adrián\Adrian,es ESP,GK,Liverpool,8.7,0,0,0,0,0,0,,0.00,0.00,,,0.0,0.0,,0.0,0.0,Matches
6,Sergio Agüero\Sergio-Aguero,ar ARG,FW,Manchester City,10.1,10,2,2,43,13,0,30.2,4.26,1.29,0.19,0.62,8.1,6.6,0.15,+1.9,+1.4,Matches
7,Albian Ajeti\Albian-Ajeti,ch SUI,FW,West Ham,1.3,0,0,0,1,0,0,0.0,0.74,0.00,0.00,,0.1,0.1,0.06,-0.1,-0.1,Matches
8,Nathan Aké\Nathan-Ake,nl NED,DFMF,Bournemouth,15.4,1,0,0,13,3,0,23.1,0.84,0.19,0.08,0.33,1.0,1.0,0.07,0.0,0.0,Matches
9,Marc Albrighton\Marc-Albrighton,eng ENG,MF,Leicester City,3.9,0,0,0,5,2,0,40.0,1.27,0.51,0.00,0.00,0.2,0.2,0.04,-0.2,-0.2,Matches
10,Toby Alderweireld\Toby-Alderweireld,be BEL,DF,Tottenham,19.0,0,0,0,7,2,0,28.6,0.37,0.11,0.00,0.00,0.4,0.4,0.06,-0.4,-0.4,Matches
11,Trent Alexander-Arnold\Trent-Alexander-Arnold,eng ENG,DFMF,Liverpool,18.5,2,0,0,22,7,3,31.8,1.19,0.38,0.09,0.29,1.6,1.6,0.07,+0.4,+0.4,Matches
12,Alisson\Alisson,br BRA,GK,Liverpool,10.3,0,0,0,0,0,0,,0.00,0.00,,,0.0,0.0,,0.0,0.0,Matches
13,Dele Alli\Dele-Alli,eng ENG,MF,Tottenham,12.0,6,0,0,21,14,0,66.7,1.76,1.17,0.29,0.43,3.4,3.4,0.16,+2.6,+2.6,Matches
14,Miguel Almirón\Miguel-Almiron,py PAR,MF,Newcastle Utd,17.7,1,0,0,32,8,0,25.0,1.81,0.45,0.03,0.13,3.8,3.8,0.12,-2.8,-2.8,Matches
15,Marcos Alonso\Marcos-Alonso,es ESP,DF,Chelsea,6.5,1,0,0,7,3,0,42.9,1.07,0.46,0.14,0.33,0.4,0.4,0.06,+0.6,+0.6,Matches
16,Steven Alzate\Steven-Alzate,co COL,MF,Brighton,9.4,0,0,0,10,3,0,30.0,1.06,0.32,0.00,0.00,1.0,1.0,0.10,-1.0,-1.0,Matches
17,Ibrahim Amadou\Ibrahim-Amadou,fr FRA,DF,Norwich City,8.1,0,0,0,5,0,0,0.0,0.62,0.00,0.00,,1.0,1.0,0.20,-1.0,-1.0,Matches
18,Felipe Anderson\Felipe-Anderson,br BRA,FWMF,West Ham,13.2,0,0,0,18,7,0,38.9,1.36,0.53,0.00,0.00,1.6,1.6,0.09,-1.6,-1.6,Matches
19,Florin Andone\Florin-Andone,ro ROU,FW,Brighton,0.8,1,0,0,1,1,0,100.0,1.27,1.27,1.00,1.00,0.2,0.2,0.15,+0.8,+0.8,Matches
20,Angeliño\Angelino,es ESP,DF,Manchester City,4.7,0,0,0,5,0,0,0.0,1.07,0.00,0.00,,0.2,0.2,0.05,-0.2,-0.2,Matches
21,Michail Antonio\Michail-Antonio,eng ENG,FWMF,West Ham,6.1,1,0,0,20,9,0,45.0,3.27,1.47,0.05,0.11,2.3,2.3,0.12,-1.3,-1.3,Matches
22,Stuart Armstrong\Stuart-Armstrong,sco SCO,MF,Southampton,6.0,0,0,0,6,2,0,33.3,1.00,0.33,0.00,0.00,0.5,0.5,0.09,-0.5,-0.5,Matches
23,Kepa Arrizabalaga\Kepa-Arrizabalaga,es ESP,GK,Chelsea,20.0,0,0,0,0,0,0,,0.00,0.00,,,0.0,0.0,,0.0,0.0,Matches
24,Christian Atsu\Christian-Atsu,gh GHA,FWMF,Newcastle Utd,6.8,0,0,0,5,1,0,20.0,0.74,0.15,0.00,0.00,0.2,0.2,0.04,-0.2,-0.2,Matches
25,Pierre-Emerick Aubameyang\Pierre-Emerick-Aubameyang,ga GAB,FWMF,Arsenal,19.9,13,1,1,52,20,1,38.5,2.62,1.01,0.23,0.60,9.2,8.5,0.16,+3.8,+3.5,Matches
26,Serge Aurier\Serge-Aurier,ci CIV,DF,Tottenham,14.1,0,0,0,7,2,0,28.6,0.50,0.14,0.00,0.00,0.3,0.3,0.05,-0.3,-0.3,Matches
27,Jordan Ayew\Jordan-Ayew,gh GHA,FW,Crystal Palace,17.6,5,0,0,31,12,0,38.7,1.76,0.68,0.16,0.42,4.5,4.5,0.15,+0.5,+0.5,Matches
28,César Azpilicueta\Cesar-Azpilicueta,es ESP,DF,Chelsea,17.9,0,0,0,10,2,0,20.0,0.56,0.11,0.00,0.00,0.5,0.5,0.05,-0.5,-0.5,Matches
29,Leighton Baines\Leighton-Baines,eng ENG,DF,Everton,1.7,0,0,0,1,0,1,0.0,0.59,0.00,0.00,,0.1,0.1,0.05,-0.1,-0.1,Matches
30,Fabián Balbuena\Fabian-Balbuena,py PAR,DF,West Ham,10.0,1,0,0,10,4,0,40.0,1.00,0.40,0.10,0.25,1.7,1.7,0.17,-0.7,-0.7,Matches
31,George Baldock\George-Baldock,eng ENG,DFMF,Sheffield Utd,20.0,2,0,0,8,4,0,50.0,0.40,0.20,0.25,0.50,0.5,0.5,0.06,+1.5,+1.5,Matches
32,Phil Bardsley\Phil-Bardsley,sco SCO,DF,Burnley,8.0,0,0,0,4,2,0,50.0,0.50,0.25,0.00,0.00,0.1,0.1,0.02,-0.1,-0.1,Matches
33,Ross Barkley\Ross-Barkley,eng ENG,MF,Chelsea,3.8,0,0,0,15,5,1,33.3,3.98,1.33,0.00,0.00,1.0,1.0,0.07,-1.0,-1.0,Matches
34,Ashley Barnes\Ashley-Barnes,at AUT,FW,Burnley,14.6,6,1,1,38,11,0,28.9,2.60,0.75,0.13,0.45,5.3,4.6,0.12,+0.7,+0.4,Matches
35,Harvey Barnes\Harvey-Barnes,eng ENG,MF,Leicester City,12.0,1,0,0,32,11,0,34.4,2.66,0.91,0.03,0.09,4.0,4.0,0.13,-3.0,-3.0,Matches
36,Chris Basham\Chris-Basham,eng ENG,DFMF,Sheffield Utd,19.4,0,0,0,3,0,0,0.0,0.15,0.00,0.00,,0.4,0.4,0.15,-0.4,-0.4,Matches
37,Michy Batshuayi\Michy-Batshuayi,be BEL,FW,Chelsea,1.3,1,0,0,12,2,0,16.7,9.15,1.53,0.08,0.50,1.6,1.6,0.14,-0.6,-0.6,Matches
38,Jan Bednarek\Jan-Bednarek,pl POL,DF,Southampton,20.0,0,0,0,4,0,0,0.0,0.20,0.00,0.00,,0.6,0.6,0.15,-0.6,-0.6,Matches
39,Héctor Bellerín\Hector-Bellerin,es ESP,DF,Arsenal,2.9,0,0,0,1,0,0,0.0,0.34,0.00,0.00,,0.0,0.0,0.04,0.0,0.0,Matches
40,Ryan Bennett\Ryan-Bennett,eng ENG,DF,Wolves,6.1,0,0,0,0,0,0,,0.00,0.00,,,0.0,0.0,,0.0,0.0,Matches
41,Christian Benteke\Christian-Benteke,be BEL,FW,Crystal Palace,5.4,0,0,0,16,9,0,56.3,2.96,1.67,0.00,0.00,1.3,1.3,0.08,-1.3,-1.3,Matches
42,Jóhann Berg Guðmundsson\Johann-Berg-Gudmundsson,is ISL,FWMF,Burnley,4.0,1,0,0,7,2,2,28.6,1.77,0.51,0.14,0.50,0.4,0.4,0.06,+0.6,+0.6,Matches
43,Bernard\Bernard,br BRA,FWMF,Everton,7.3,2,0,0,6,2,0,33.3,0.82,0.27,0.33,1.00,0.3,0.3,0.05,+1.7,+1.7,Matches
44,Bernardo\Bernardo,br BRA,DF,Brighton,1.6,0,0,0,1,1,0,100.0,0.63,0.63,0.00,0.00,0.0,0.0,0.02,0.0,0.0,Matches
45,Ryan Bertrand\Ryan-Bertrand,eng ENG,DFMF,Southampton,13.5,1,0,0,7,2,1,28.6,0.52,0.15,0.14,0.50,1.6,1.6,0.23,-0.6,-0.6,Matches
46,Muhamed Bešić\Muhamed-Besic,ba BIH,DFMF,Sheffield Utd,1.3,0,0,0,2,0,0,0.0,1.49,0.00,0.00,,0.1,0.1,0.04,-0.1,-0.1,Matches
47,Philip Billing\Philip-Billing,dk DEN,MF,Bournemouth,16.7,0,0,0,18,4,1,22.2,1.08,0.24,0.00,0.00,0.8,0.8,0.04,-0.8,-0.8,Matches
48,Yves Bissouma\Yves-Bissouma,ml MLI,MF,Brighton,4.0,0,0,0,6,3,0,50.0,1.50,0.75,0.00,0.00,0.1,0.1,0.02,-0.1,-0.1,Matches
49,Willy Boly\Willy-Boly,fr FRA,DF,Wolves,8.0,0,0,0,0,0,0,,0.00,0.00,,,0.0,0.0,,0.0,0.0,Matches
50,Gaëtan Bong\Gaetan-Bong,cm CMR,DF,Brighton,0.6,0,0,0,0,0,0,,0.00,0.00,,,0.0,0.0,,0.0,0.0,Matches
51,Sofiane Boufal\Sofiane-Boufal,ma MAR,MF,Southampton,6.2,0,0,0,17,6,0,35.3,2.73,0.96,0.00,0.00,0.8,0.8,0.05,-0.8,-0.8,Matches
52,Robbie Brady\Robbie-Brady,ie IRL,FWMF,Burnley,3.9,1,0,0,8,1,2,12.5,2.05,0.26,0.13,1.00,0.9,0.9,0.12,+0.1,+0.1,Matches
53,Claudio Bravo\Claudio-Bravo,cl CHI,GK,Manchester City,2.8,0,0,0,0,0,0,,0.00,0.00,,,0.0,0.0,,0.0,0.0,Matches
54,Emi Buendía\Emi-Buendia,ar ARG,FW,Norwich City,16.7,0,0,0,20,5,5,25.0,1.20,0.30,0.00,0.00,1.2,1.2,0.06,-1.2,-1.2,Matches
55,Dan Burn\Dan-Burn,eng ENG,DF,Brighton,20.0,0,0,0,10,0,0,0.0,0.50,0.00,0.00,,0.7,0.7,0.07,-0.7,-0.7,Matches
56,Sam Byram\Sam-Byram,eng ENG,DFMF,Norwich City,9.1,0,0,0,11,1,0,9.1,1.21,0.11,0.00,0.00,1.0,1.0,0.09,-1.0,-1.0,Matches
57,Gary Cahill\Gary-Cahill,eng ENG,DF,Crystal Palace,12.0,0,0,0,7,1,0,14.3,0.58,0.08,0.00,0.00,0.6,0.6,0.08,-0.6,-0.6,Matches
58,Dominic Calvert-Lewin\Dominic-Calvert-Lewin,eng ENG,MF,Everton,12.6,8,0,0,34,15,0,44.1,2.70,1.19,0.24,0.53,6.6,6.6,0.19,+1.4,+1.4,Matches
59,Víctor Camarasa\Victor-Camarasa,es ESP,MF,Crystal Palace,0.1,0,0,0,0,0,0,,0.00,0.00,,,0.0,0.0,,0.0,0.0,Matches
60,João Cancelo\Joao-Cancelo,pt POR,DF,Manchester City,4.4,0,0,0,6,2,0,33.3,1.36,0.45,0.00,0.00,0.2,0.2,0.03,-0.2,-0.2,Matches
61,Todd Cantwell\Todd-Cantwell,eng ENG,,Norwich City,15.3,5,0,0,24,13,0,54.2,1.57,0.85,0.21,0.38,4.5,4.5,0.19,+0.5,+0.5,Matches
62,Étienne Capoue\Etienne-Capoue,fr FRA,MF,Watford,14.8,0,0,0,12,1,1,8.3,0.81,0.07,0.00,0.00,0.6,0.6,0.05,-0.6,-0.6,Matches
63,Andy Carroll\Andy-Carroll,eng ENG,FW,Newcastle Utd,5.5,0,0,0,10,2,0,20.0,1.81,0.36,0.00,0.00,0.5,0.5,0.05,-0.5,-0.5,Matches
64,Jonny Castro\Jonny-Castro,es ESP,DF,Wolves,17.9,1,0,0,13,4,0,30.8,0.73,0.22,0.08,0.25,1.0,1.0,0.08,0.0,0.0,Matches
65,Craig Cathcart\Craig-Cathcart,nir NIR,DF,Watford,17.2,0,0,0,1,0,0,0.0,0.06,0.00,0.00,,0.1,0.1,0.08,-0.1,-0.1,Matches
66,Dani Ceballos\Dani-Ceballos,es ESP,MF,Arsenal,7.4,0,0,0,9,3,0,33.3,1.22,0.41,0.00,0.00,0.3,0.3,0.04,-0.3,-0.3,Matches
67,Nathaniel Chalobah\Nathaniel-Chalobah,eng ENG,DFMF,Watford,4.3,0,0,0,4,0,0,0.0,0.93,0.00,0.00,,0.2,0.2,0.05,-0.2,-0.2,Matches
68,Calum Chambers\Calum-Chambers,eng ENG,DF,Arsenal,12.3,1,0,0,12,2,0,16.7,0.98,0.16,0.08,0.50,0.6,0.6,0.05,+0.4,+0.4,Matches
69,Ben Chilwell\Ben-Chilwell,eng ENG,DF,Leicester City,15.9,1,0,0,7,3,0,42.9,0.44,0.19,0.14,0.33,0.4,0.4,0.06,+0.6,+0.6,Matches
70,Tahith Chong\Tahith-Chong,nl NED,,Manchester Utd,0.3,0,0,0,0,0,0,,0.00,0.00,,,0.0,0.0,,0.0,0.0,Matches
71,Hamza Choudhury\Hamza-Choudhury,eng ENG,MF,Leicester City,5.0,0,0,0,4,1,0,25.0,0.81,0.20,0.00,0.00,0.3,0.3,0.06,-0.3,-0.3,Matches
72,Andreas Christensen\Andreas-Christensen,dk DEN,DF,Chelsea,7.5,0,0,0,3,1,0,33.3,0.40,0.13,0.00,0.00,0.2,0.2,0.07,-0.2,-0.2,Matches
73,Ciaran Clark\Ciaran-Clark,ie IRL,DFMF,Newcastle Utd,8.5,2,0,0,5,4,0,80.0,0.59,0.47,0.40,0.50,0.8,0.8,0.17,+1.2,+1.2,Matches
74,Leon Clarke\Leon-Clarke,eng ENG,FW,Sheffield Utd,0.1,0,0,0,1,0,0,0.0,6.92,0.00,0.00,,0.4,0.4,0.41,-0.4,-0.4,Matches
75,Tom Cleverley\Tom-Cleverley,eng ENG,MF,Watford,7.2,1,0,0,15,4,0,26.7,2.09,0.56,0.07,0.25,1.5,1.5,0.10,-0.5,-0.5,Matches
76,Conor Coady\Conor-Coady,eng ENG,DFMF,Wolves,20.0,0,0,0,0,0,0,,0.00,0.00,,,0.0,0.0,,0.0,0.0,Matches
77,Séamus Coleman\Seamus-Coleman,ie IRL,DFMF,Everton,9.9,0,0,0,5,1,0,20.0,0.51,0.10,0.00,0.00,0.5,0.5,0.10,-0.5,-0.5,Matches
78,Aaron Connolly\Aaron-Connolly,ie IRL,FW,Brighton,7.5,2,0,0,22,8,0,36.4,2.93,1.07,0.09,0.25,2.2,2.2,0.10,-0.2,-0.2,Matches
79,Lewis Cook\Lewis-Cook,eng ENG,MF,Bournemouth,7.9,0,0,0,5,1,0,20.0,0.64,0.13,0.00,0.00,0.2,0.2,0.04,-0.2,-0.2,Matches
80,Steve Cook\Steve-Cook,eng ENG,DFMF,Bournemouth,16.0,1,0,0,11,1,0,9.1,0.69,0.06,0.09,1.00,0.7,0.7,0.06,+0.3,+0.3,Matches
81,Jack Cork\Jack-Cork,eng ENG,DFMF,Burnley,17.3,0,0,0,10,3,0,30.0,0.58,0.17,0.00,0.00,1.2,1.2,0.12,-1.2,-1.2,Matches
82,Aaron Cresswell\Aaron-Cresswell,eng ENG,DF,West Ham,12.5,3,0,0,11,5,4,45.5,0.88,0.40,0.27,0.60,0.8,0.8,0.07,+2.2,+2.2,Matches
83,Patrick Cutrone\Patrick-Cutrone,it ITA,FW,Wolves,3.2,2,0,0,11,3,0,27.3,3.39,0.92,0.18,0.67,2.3,2.3,0.21,-0.3,-0.3,Matches
84,Diogo Dalot\Diogo-Dalot,pt POR,DF,Manchester Utd,0.7,0,0,0,0,0,0,,0.00,0.00,,,0.0,0.0,,0.0,0.0,Matches
85,Charlie Daniels\Charlie-Daniels,eng ENG,DF,Bournemouth,1.4,0,0,0,0,0,0,,0.00,0.00,,,0.0,0.0,,0.0,0.0,Matches
86,Scott Dann\Scott-Dann,eng ENG,DF,Crystal Palace,3.7,0,0,0,1,0,0,0.0,0.27,0.00,0.00,,0.1,0.1,0.12,-0.1,-0.1,Matches
87,Kevin Danso\Kevin-Danso,at AUT,MF,Southampton,3.1,0,0,0,1,0,0,0.0,0.33,0.00,0.00,,0.1,0.1,0.08,-0.1,-0.1,Matches
88,Ben Davies\Ben-Davies,wal WAL,DF,Tottenham,4.0,0,0,0,1,0,0,0.0,0.25,0.00,0.00,,0.0,0.0,0.03,0.0,0.0,Matches
89,Tom Davies\Tom-Davies,eng ENG,MF,Everton,10.2,1,0,0,10,5,0,50.0,0.98,0.49,0.10,0.20,1.4,1.4,0.14,-0.4,-0.4,Matches
90,Keinan Davis\Keinan-Davis,eng ENG,,Aston Villa,0.8,0,0,0,4,2,0,50.0,4.86,2.43,0.00,0.00,0.5,0.5,0.13,-0.5,-0.5,Matches
91,Craig Dawson\Craig-Dawson,eng ENG,DF,Watford,12.2,0,0,0,8,2,0,25.0,0.66,0.16,0.00,0.00,0.8,0.8,0.10,-0.8,-0.8,Matches
92,Kevin De Bruyne\Kevin-De-Bruyne,be BEL,MF,Manchester City,17.4,7,0,0,58,17,4,29.3,3.34,0.98,0.12,0.41,4.1,4.1,0.07,+2.9,+2.9,Matches
93,Troy Deeney\Troy-Deeney,eng ENG,FW,Watford,8.1,3,2,2,14,5,0,35.7,1.74,0.62,0.07,0.20,3.5,2.0,0.14,-0.5,-1.0,Matches
94,Fabian Delph\Fabian-Delph,eng ENG,MF,Everton,8.3,0,0,0,2,0,0,0.0,0.24,0.00,0.00,,0.0,0.0,0.02,0.0,0.0,Matches
95,Leander Dendoncker\Leander-Dendoncker,be BEL,MF,Wolves,18.2,1,0,0,10,2,0,20.0,0.55,0.11,0.10,0.50,1.1,1.1,0.11,-0.1,-0.1,Matches
96,Gerard Deulofeu\Gerard-Deulofeu,es ESP,FWMF,Watford,16.3,3,1,1,40,17,7,42.5,2.45,1.04,0.05,0.12,3.6,2.9,0.07,-0.6,-0.9,Matches
97,Eric Dier\Eric-Dier,eng ENG,DFMF,Tottenham,6.8,0,0,0,4,1,0,25.0,0.59,0.15,0.00,0.00,0.9,0.9,0.23,-0.9,-0.9,Matches
98,Lucas Digne\Lucas-Digne,fr FRA,DF,Everton,18.0,0,0,0,17,3,7,17.6,0.94,0.17,0.00,0.00,0.8,0.8,0.05,-0.8,-0.8,Matches
99,Virgil van Dijk\Virgil-van-Dijk,nl NED,DF,Liverpool,19.0,3,0,0,12,4,0,33.3,0.63,0.21,0.25,0.75,0.9,0.9,0.07,+2.1,+2.1,Matches
100,Issa Diop\Issa-Diop,fr FRA,DF,West Ham,13.7,0,0,0,6,2,0,33.3,0.44,0.15,0.00,0.00,0.6,0.6,0.10,-0.6,-0.6,Matches
101,Moussa Djenepo\Moussa-Djenepo,ml MLI,MF,Southampton,6.5,2,0,0,12,4,0,33.3,1.84,0.61,0.17,0.50,1.6,1.6,0.14,+0.4,+0.4,Matches
102,Matt Doherty\Matt-Doherty,ie IRL,DF,Wolves,14.9,3,0,0,18,9,0,50.0,1.21,0.60,0.17,0.33,2.9,2.9,0.16,+0.1,+0.1,Matches
103,Abdoulaye Doucouré\Abdoulaye-Doucoure,fr FRA,MF,Watford,18.4,1,0,0,33,6,0,18.2,1.79,0.33,0.03,0.17,2.7,2.7,0.08,-1.7,-1.7,Matches
104,Danny Drinkwater\Danny-Drinkwater,eng ENG,MF,Burnley,0.7,0,0,0,0,0,0,,0.00,0.00,,,0.0,0.0,,0.0,0.0,Matches
105,Josip Drmić\Josip-Drmic,ch SUI,FW,Norwich City,1.3,1,0,0,3,1,0,33.3,2.35,0.78,0.33,1.00,1.2,1.2,0.40,-0.2,-0.2,Matches
106,Martin Dúbravka\Martin-Dubravka,sk SVK,GK,Newcastle Utd,20.0,0,0,0,0,0,0,,0.00,0.00,,,0.0,0.0,,0.0,0.0,Matches
107,Shane Duffy\Shane-Duffy,ie IRL,DFMF,Brighton,8.9,1,0,0,5,1,0,20.0,0.56,0.11,0.20,1.00,1.5,1.5,0.31,-0.5,-0.5,Matches
108,Paul Dummett\Paul-Dummett,wal WAL,DF,Newcastle Utd,13.5,0,0,0,1,1,0,100.0,0.07,0.07,0.00,0.00,0.0,0.0,0.03,0.0,0.0,Matches
109,Lewis Dunk\Lewis-Dunk,eng ENG,DF,Brighton,18.0,2,0,0,13,4,3,30.8,0.72,0.22,0.15,0.50,1.7,1.7,0.13,+0.3,+0.3,Matches
110,Ederson\Ederson,br BRA,GK,Manchester City,17.1,0,0,0,0,0,0,,0.00,0.00,,,0.0,0.0,,0.0,0.0,Matches
111,John Egan\John-Egan,ie IRL,DF,Sheffield Utd,18.9,0,0,0,11,3,0,27.3,0.58,0.16,0.00,0.00,0.6,0.6,0.05,-0.6,-0.6,Matches
112,Ahmed Elmohamady\Ahmed-Elmohamady,eg EGY,DFMF,Aston Villa,6.8,0,0,0,4,0,0,0.0,0.59,0.00,0.00,,0.2,0.2,0.06,-0.2,-0.2,Matches
113,Björn Engels\Bjorn-Engels,be BEL,DF,Aston Villa,13.6,0,0,0,4,0,0,0.0,0.29,0.00,0.00,,0.3,0.3,0.08,-0.3,-0.3,Matches
114,Christian Eriksen\Christian-Eriksen,dk DEN,DFMF,Tottenham,9.9,2,0,0,22,8,6,36.4,2.23,0.81,0.09,0.25,1.7,1.7,0.08,+0.3,+0.3,Matches
115,Jonny Evans\Jonny-Evans,nir NIR,DF,Leicester City,19.7,1,0,0,12,4,0,33.3,0.61,0.20,0.08,0.25,1.4,1.4,0.11,-0.4,-0.4,Matches
116,Łukasz Fabiański\Lukasz-Fabianski,pl POL,GK,West Ham,7.4,0,0,0,0,0,0,,0.00,0.00,,,0.0,0.0,,0.0,0.0,Matches
117,Fabinho\Fabinho,br BRA,DF,Liverpool,11.2,1,0,0,6,2,0,33.3,0.54,0.18,0.17,0.50,0.1,0.1,0.02,+0.9,+0.9,Matches
118,Ralf Fährmann\Ralf-Fahrmann,de GER,GK,Norwich City,0.2,0,0,0,0,0,0,,0.00,0.00,,,0.0,0.0,,0.0,0.0,Matches
119,Kiko Femenía\Kiko-Femenia,es ESP,FWMF,Watford,14.3,0,0,0,4,1,0,25.0,0.28,0.07,0.00,0.00,0.1,0.1,0.03,-0.1,-0.1,Matches
120,Federico Fernández\Federico-Fernandez,ar ARG,DF,Newcastle Utd,11.3,2,0,0,8,4,0,50.0,0.71,0.36,0.25,0.50,1.2,1.2,0.15,+0.8,+0.8,Matches
121,Fernandinho\Fernandinho,br BRA,MF,Manchester City,15.5,0,0,0,7,1,0,14.3,0.45,0.06,0.00,0.00,0.5,0.5,0.08,-0.5,-0.5,Matches
122,Roberto Firmino\Roberto-Firmino,br BRA,FWMF,Liverpool,17.1,6,0,0,56,23,0,41.1,3.27,1.34,0.11,0.26,6.4,6.4,0.11,-0.4,-0.4,Matches
123,John Fleck\John-Fleck,sco SCO,FWMF,Sheffield Utd,16.3,4,0,0,21,11,0,52.4,1.29,0.67,0.19,0.36,3.0,3.0,0.14,+1.0,+1.0,Matches
124,Phil Foden\Phil-Foden,eng ENG,MF,Manchester City,1.7,0,0,0,6,4,0,66.7,3.62,2.42,0.00,0.00,0.3,0.3,0.04,-0.3,-0.3,Matches
125,Pablo Fornals\Pablo-Fornals,es ESP,MF,West Ham,11.3,1,0,0,18,6,0,33.3,1.59,0.53,0.06,0.17,1.4,1.4,0.08,-0.4,-0.4,Matches
126,Ben Foster\Ben-Foster,eng ENG,GK,Watford,20.0,0,0,0,1,1,0,100.0,0.05,0.05,0.00,0.00,0.1,0.1,0.07,-0.1,-0.1,Matches
127,Dimitri Foulquier\Dimitri-Foulquier,fr FRA,DF,Watford,0.6,0,0,0,0,0,0,,0.00,0.00,,,0.0,0.0,,0.0,0.0,Matches
128,Juan Foyth\Juan-Foyth,ar ARG,DF,Tottenham,0.7,0,0,0,0,0,0,,0.00,0.00,,,0.0,0.0,,0.0,0.0,Matches
129,Simon Francis\Simon-Francis,eng ENG,DF,Bournemouth,4.1,0,0,0,2,0,0,0.0,0.49,0.00,0.00,,0.1,0.1,0.07,-0.1,-0.1,Matches
130,Ryan Fraser\Ryan-Fraser,sco SCO,MF,Bournemouth,15.3,1,0,0,19,8,2,42.1,1.24,0.52,0.05,0.13,2.0,2.0,0.11,-1.0,-1.0,Matches
131,Fred\Fred,br BRA,FWMF,Manchester Utd,13.6,0,0,0,23,5,2,21.7,1.69,0.37,0.00,0.00,1.0,1.0,0.04,-1.0,-1.0,Matches
132,Ryan Fredericks\Ryan-Fredericks,eng ENG,DF,West Ham,16.1,0,0,0,0,0,0,,0.00,0.00,,,0.0,0.0,,0.0,0.0,Matches
133,Luke Freeman\Luke-Freeman,eng ENG,FWMF,Sheffield Utd,3.6,0,0,0,2,0,0,0.0,0.56,0.00,0.00,,0.0,0.0,0.02,0.0,0.0,Matches
134,Christian Fuchs\Christian-Fuchs,at AUT,DFMF,Leicester City,4.0,0,0,0,4,1,2,25.0,0.99,0.25,0.00,0.00,0.1,0.1,0.03,-0.1,-0.1,Matches
135,Eric García\Eric-Garcia,es ESP,DF,Manchester City,1.9,0,0,0,0,0,0,,0.00,0.00,,,0.0,0.0,,0.0,0.0,Matches
136,James Garner\James-Garner,eng ENG,MF,Manchester Utd,0.1,0,0,0,0,0,0,,0.00,0.00,,,0.0,0.0,,0.0,0.0,Matches
137,Dwight Gayle\Dwight-Gayle,eng ENG,FW,Newcastle Utd,1.7,0,0,0,2,0,0,0.0,1.19,0.00,0.00,,0.8,0.8,0.38,-0.8,-0.8,Matches
138,Paulo Gazzaniga\Paulo-Gazzaniga,ar ARG,GK,Tottenham,13.9,0,0,0,0,0,0,,0.00,0.00,,,0.0,0.0,,0.0,0.0,Matches
139,Jean-Philippe Gbamin\Jean-Philippe-Gbamin,ci CIV,DF,Everton,1.5,0,0,0,0,0,0,,0.00,0.00,,,0.0,0.0,,0.0,0.0,Matches
140,David de Gea\David-de-Gea,es ESP,GK,Manchester Utd,20.0,0,0,0,0,0,0,,0.00,0.00,,,0.0,0.0,,0.0,0.0,Matches
141,Anwar El Ghazi\Anwar-El-Ghazi,nl NED,FWMF,Aston Villa,13.7,3,0,0,34,13,3,38.2,2.49,0.95,0.09,0.23,4.1,4.1,0.12,-1.1,-1.1,Matches
142,Morgan Gibbs-White\Morgan-Gibbs-White,eng ENG,MF,Wolves,1.3,0,0,0,2,0,0,0.0,1.50,0.00,0.00,,0.1,0.1,0.04,-0.1,-0.1,Matches
143,Billy Gilmour\Billy-Gilmour,sco SCO,MF,Chelsea,0.1,0,0,0,0,0,0,,0.00,0.00,,,0.0,0.0,,0.0,0.0,Matches
144,Olivier Giroud\Olivier-Giroud,fr FRA,FW,Chelsea,2.1,0,0,0,3,2,0,66.7,1.41,0.94,0.00,0.00,0.6,0.6,0.20,-0.6,-0.6,Matches
145,Ben Godfrey\Ben-Godfrey,eng ENG,MF,Norwich City,16.6,0,0,0,7,2,0,28.6,0.42,0.12,0.00,0.00,0.4,0.4,0.05,-0.4,-0.4,Matches
146,André Gomes\Andre-Gomes,pt POR,MF,Everton,6.5,0,0,0,2,0,0,0.0,0.31,0.00,0.00,,0.2,0.2,0.09,-0.2,-0.2,Matches
147,Angel Gomes\Angel-Gomes,eng ENG,MF,Manchester Utd,0.1,0,0,0,0,0,0,,0.00,0.00,,,0.0,0.0,,0.0,0.0,Matches
148,Joe Gomez\Joe-Gomez,eng ENG,DF,Liverpool,5.2,0,0,0,0,0,0,,0.00,0.00,,,0.0,0.0,,0.0,0.0,Matches
149,Dan Gosling\Dan-Gosling,eng ENG,DFMF,Bournemouth,4.4,2,0,0,5,2,0,40.0,1.14,0.45,0.40,1.00,1.1,1.1,0.22,+0.9,+0.9,Matches
150,Andre Gray\Andre-Gray,eng ENG,FW,Watford,7.8,2,0,0,18,6,0,33.3,2.31,0.77,0.11,0.33,2.5,2.5,0.14,-0.5,-0.5,Matches
151,Demarai Gray\Demarai-Gray,eng ENG,MF,Leicester City,4.0,1,0,1,7,3,0,42.9,1.75,0.75,0.14,0.33,1.6,0.8,0.12,-0.6,+0.2,Matches
152,Jack Grealish\Jack-Grealish,eng ENG,MF,Aston Villa,17.9,5,0,1,39,13,0,33.3,2.17,0.72,0.13,0.38,4.6,3.9,0.10,+0.4,+1.1,Matches
153,Mason Greenwood\Mason-Greenwood,eng ENG,MF,Manchester Utd,4.0,3,0,0,13,7,0,53.8,3.21,1.73,0.23,0.43,1.6,1.6,0.12,+1.4,+1.4,Matches
154,Arnaut Groeneveld\Arnaut-Groeneveld,nl NED,MF,Bournemouth,4.5,0,0,0,10,4,0,40.0,2.21,0.88,0.00,0.00,0.7,0.7,0.07,-0.7,-0.7,Matches
155,Pascal Groß\Pascal-Gross,de GER,MF,Brighton,13.8,1,0,0,23,8,4,34.8,1.66,0.58,0.04,0.13,1.2,1.2,0.05,-0.2,-0.2,Matches
156,Vicente Guaita\Vicente-Guaita,es ESP,GK,Crystal Palace,18.0,0,0,0,0,0,0,,0.00,0.00,,,0.0,0.0,,0.0,0.0,Matches
157,Mattéo Guendouzi\Matteo-Guendouzi,fr FRA,MF,Arsenal,15.6,0,0,0,10,5,0,50.0,0.64,0.32,0.00,0.00,0.6,0.6,0.06,-0.6,-0.6,Matches
158,Frederic Guilbert\Frederic-Guilbert,fr FRA,DF,Aston Villa,14.1,0,0,0,5,2,0,40.0,0.35,0.14,0.00,0.00,0.2,0.2,0.03,-0.2,-0.2,Matches
159,İlkay Gündoğan\Ilkay-Gundogan,de GER,MF,Manchester City,12.3,2,1,1,23,3,2,13.0,1.87,0.24,0.04,0.33,2.6,1.9,0.08,-0.6,-0.9,Matches
160,Angus Gunn\Angus-Gunn,eng ENG,GK,Southampton,10.0,0,0,0,0,0,0,,0.00,0.00,,,0.0,0.0,,0.0,0.0,Matches
161,Sébastien Haller\Sebastien-Haller,fr FRA,FW,West Ham,15.6,5,0,0,36,18,0,50.0,2.31,1.15,0.14,0.28,5.0,5.0,0.14,0.0,0.0,Matches
162,Grant Hanley\Grant-Hanley,sco SCO,DF,Norwich City,6.0,0,0,0,5,2,0,40.0,0.83,0.33,0.00,0.00,0.3,0.3,0.07,-0.3,-0.3,Matches
163,Kortney Hause\Kortney-Hause,eng ENG,DF,Aston Villa,4.0,0,0,0,2,0,0,0.0,0.50,0.00,0.00,,0.1,0.1,0.05,-0.1,-0.1,Matches
164,Isaac Hayden\Isaac-Hayden,eng ENG,DF,Newcastle Utd,15.2,0,0,0,10,2,0,20.0,0.66,0.13,0.00,0.00,0.3,0.3,0.03,-0.3,-0.3,Matches
165,Tom Heaton\Tom-Heaton,eng ENG,GK,Aston Villa,19.0,0,0,0,0,0,0,,0.00,0.00,,,0.0,0.0,,0.0,0.0,Matches
166,Dean Henderson\Dean-Henderson,eng ENG,GK,Sheffield Utd,19.0,0,0,0,1,0,0,0.0,0.05,0.00,0.00,,0.0,0.0,0.05,0.0,0.0,Matches
167,Jordan Henderson\Jordan-Henderson,eng ENG,MF,Liverpool,14.0,1,0,0,8,3,0,37.5,0.57,0.21,0.13,0.33,0.5,0.5,0.06,+0.5,+0.5,Matches
168,Jeff Hendrick\Jeff-Hendrick,ie IRL,MF,Burnley,13.7,2,0,0,14,6,0,42.9,1.02,0.44,0.14,0.33,1.0,1.0,0.07,+1.0,+1.0,Matches
169,Wayne Hennessey\Wayne-Hennessey,wal WAL,GK,Crystal Palace,2.0,0,0,0,0,0,0,,0.00,0.00,,,0.0,0.0,,0.0,0.0,Matches
170,Javier Hernández\Javier-Hernandez,mx MEX,FW,West Ham,1.2,1,0,0,3,2,1,66.7,2.52,1.68,0.33,0.50,0.7,0.7,0.25,+0.3,+0.3,Matches
171,Onel Hernández\Onel-Hernandez,cu CUB,FW,Norwich City,7.9,1,0,0,15,6,0,40.0,1.91,0.76,0.07,0.17,1.1,1.1,0.07,-0.1,-0.1,Matches
172,Son Heung-min\Son-Heung-min,kr KOR,FWMF,Tottenham,14.4,5,0,0,43,19,0,44.2,2.98,1.32,0.12,0.26,3.7,3.7,0.09,+1.3,+1.3,Matches
173,Rob Holding\Rob-Holding,eng ENG,DF,Arsenal,0.9,0,0,0,0,0,0,,0.00,0.00,,,0.0,0.0,,0.0,0.0,Matches
174,José Holebas\Jose-Holebas,gr GRE,DFMF,Watford,10.8,0,0,0,6,3,1,50.0,0.55,0.28,0.00,0.00,0.4,0.4,0.07,-0.4,-0.4,Matches
175,Mason Holgate\Mason-Holgate,eng ENG,DF,Everton,11.2,0,0,0,9,3,0,33.3,0.80,0.27,0.00,0.00,1.6,1.6,0.18,-1.6,-1.6,Matches
176,Nathan Holland\Nathan-Holland,eng ENG,FW,West Ham,0.3,0,0,0,1,1,0,100.0,2.90,2.90,0.00,0.00,0.0,0.0,0.04,0.0,0.0,Matches
177,Conor Hourihane\Conor-Hourihane,ie IRL,MF,Aston Villa,8.5,3,0,0,15,7,2,46.7,1.77,0.83,0.20,0.43,0.9,0.9,0.06,+2.1,+2.1,Matches
178,Callum Hudson-Odoi\Callum-Hudson-Odoi,eng ENG,MF,Chelsea,4.3,0,0,0,15,2,0,13.3,3.50,0.47,0.00,0.00,1.0,1.0,0.07,-1.0,-1.0,Matches
179,Will Hughes\Will-Hughes,eng ENG,MF,Watford,12.9,1,0,0,15,2,0,13.3,1.16,0.15,0.07,0.50,2.1,2.1,0.14,-1.1,-1.1,Matches
180,Pierre Højbjerg\Pierre-Hojbjerg,dk DEN,MF,Southampton,18.2,0,0,0,29,5,0,17.2,1.59,0.27,0.00,0.00,1.6,1.6,0.05,-1.6,-1.6,Matches
181,Jordon Ibe\Jordon-Ibe,eng ENG,FWMF,Bournemouth,0.5,0,0,0,0,0,0,,0.00,0.00,,,0.0,0.0,,0.0,0.0,Matches
182,Kelechi Iheanacho\Kelechi-Iheanacho,ng NGA,FW,Leicester City,2.5,3,0,0,9,5,0,55.6,3.67,2.04,0.33,0.60,1.3,1.3,0.14,+1.7,+1.7,Matches
183,Danny Ings\Danny-Ings,eng ENG,FW,Southampton,15.2,12,0,0,45,19,0,42.2,2.95,1.25,0.27,0.63,8.3,8.3,0.19,+3.7,+3.7,Matches
184,Alex Iwobi\Alex-Iwobi,ng NGA,FW,Everton,11.6,1,0,0,19,8,0,42.1,1.64,0.69,0.05,0.13,2.0,2.0,0.11,-1.0,-1.0,Matches
185,Phil Jagielka\Phil-Jagielka,eng ENG,DFMF,Sheffield Utd,1.4,0,0,0,0,0,0,,0.00,0.00,,,0.0,0.0,,0.0,0.0,Matches
186,Alireza Jahanbakhsh\Alireza-Jahanbakhsh,ir IRN,FWMF,Brighton,1.2,1,0,0,4,1,0,25.0,3.40,0.85,0.25,1.00,0.2,0.2,0.04,+0.8,+0.8,Matches
187,Daniel James\Daniel-James,wal WAL,MF,Manchester Utd,17.5,3,0,0,30,13,0,43.3,1.71,0.74,0.10,0.23,2.4,2.4,0.08,+0.6,+0.6,Matches
188,Reece James\Reece-James,eng ENG,,Chelsea,4.7,0,0,0,4,0,0,0.0,0.86,0.00,0.00,,0.2,0.2,0.05,-0.2,-0.2,Matches
189,Daryl Janmaat\Daryl-Janmaat,nl NED,DF,Watford,6.8,0,0,0,4,0,0,0.0,0.59,0.00,0.00,,0.3,0.3,0.08,-0.3,-0.3,Matches
190,Gabriel Jesus\Gabriel-Jesus,br BRA,FW,Manchester City,10.1,6,0,0,46,19,0,41.3,4.55,1.88,0.13,0.32,8.5,8.5,0.19,-2.5,-2.5,Matches
191,Raúl Jiménez\Raul-Jimenez,mx MEX,FW,Wolves,18.6,8,2,2,61,22,0,36.1,3.28,1.18,0.10,0.27,7.6,6.1,0.10,+0.4,-0.1,Matches
192,Joelinton\Joelinton,br BRA,FW,Newcastle Utd,16.9,1,0,0,31,9,0,29.0,1.83,0.53,0.03,0.11,2.7,2.7,0.09,-1.7,-1.7,Matches
193,Curtis Jones\Curtis-Jones,eng ENG,MF,Liverpool,0.2,0,0,0,1,0,0,0.0,6.43,0.00,0.00,,0.0,0.0,0.05,0.0,0.0,Matches
194,Phil Jones\Phil-Jones,eng ENG,DFMF,Manchester Utd,0.5,0,0,0,0,0,0,,0.00,0.00,,,0.0,0.0,,0.0,0.0,Matches
195,Jorginho\Jorginho,it ITA,MF,Chelsea,14.9,2,1,1,9,1,0,11.1,0.61,0.07,0.11,1.00,1.9,1.2,0.13,+0.1,-0.2,Matches
196,Jota\Jota,es ESP,MF,Aston Villa,3.5,0,0,0,4,1,0,25.0,1.15,0.29,0.00,0.00,0.1,0.1,0.03,-0.1,-0.1,Matches
197,Diogo Jota\Diogo-Jota,pt POR,MF,Wolves,15.2,3,0,0,43,16,0,37.2,2.82,1.05,0.07,0.19,5.3,5.3,0.12,-2.3,-2.3,Matches
198,James Justin\James-Justin,eng ENG,MF,Leicester City,1.2,0,0,0,0,0,0,,0.00,0.00,,,0.0,0.0,,0.0,0.0,Matches
199,Christian Kabasele\Christian-Kabasele,be BEL,DF,Watford,11.7,0,0,0,3,1,0,33.3,0.26,0.09,0.00,0.00,0.4,0.4,0.12,-0.4,-0.4,Matches
200,Harry Kane\Harry-Kane,eng ENG,FW,Tottenham,18.9,11,2,2,51,19,3,37.3,2.69,1.00,0.18,0.47,6.8,5.3,0.11,+4.2,+3.7,Matches
201,N'Golo Kanté\NGolo-Kante,fr FRA,MF,Chelsea,11.5,3,0,0,11,3,0,27.3,0.96,0.26,0.27,1.00,1.2,1.2,0.11,+1.8,+1.8,Matches
202,Moise Kean\Moise-Kean,it ITA,FW,Everton,4.8,0,0,0,17,5,0,29.4,3.53,1.04,0.00,0.00,2.2,2.2,0.13,-2.2,-2.2,Matches
203,Michael Keane\Michael-Keane,eng ENG,DF,Everton,15.2,1,0,0,8,3,0,37.5,0.53,0.20,0.13,0.33,1.2,1.2,0.15,-0.2,-0.2,Matches
204,Naby Keïta\Naby-Keita,gn GUI,MF,Liverpool,2.2,1,0,0,3,2,0,66.7,1.37,0.91,0.33,0.50,0.6,0.6,0.21,+0.4,+0.4,Matches
205,Martin Kelly\Martin-Kelly,eng ENG,DFMF,Crystal Palace,13.6,0,0,0,3,0,0,0.0,0.22,0.00,0.00,,0.1,0.1,0.03,-0.1,-0.1,Matches
206,Max Kilman\Max-Kilman,eng ENG,DF,Wolves,2.0,0,0,0,0,0,0,,0.00,0.00,,,0.0,0.0,,0.0,0.0,Matches
207,Joshua King\Joshua-King,no NOR,FW,Bournemouth,14.6,3,1,1,16,7,0,43.8,1.10,0.48,0.13,0.29,3.9,3.2,0.20,-0.9,-1.2,Matches
208,Jonathan Kodjia\Jonathan-Kodjia,ci CIV,FW,Aston Villa,1.0,0,0,0,0,0,0,,0.00,0.00,,,0.0,0.0,,0.0,0.0,Matches
209,Sead Kolašinac\Sead-Kolasinac,ba BIH,DFMF,Arsenal,10.3,0,0,0,3,0,0,0.0,0.29,0.00,0.00,,0.7,0.7,0.24,-0.7,-0.7,Matches
210,Ezri Konsa\Ezri-Konsa,eng ENG,FW,Aston Villa,7.2,0,0,0,3,1,0,33.3,0.42,0.14,0.00,0.00,0.2,0.2,0.08,-0.2,-0.2,Matches
211,Cheikhou Kouyaté\Cheikhou-Kouyate,sn SEN,DFMF,Crystal Palace,15.8,1,0,0,18,3,0,16.7,1.14,0.19,0.06,0.33,1.3,1.3,0.07,-0.3,-0.3,Matches
212,Mateo Kovačić\Mateo-Kovacic,hr CRO,MF,Chelsea,14.6,1,0,0,12,4,0,33.3,0.82,0.27,0.08,0.25,0.6,0.6,0.05,+0.4,+0.4,Matches
213,Emil Krafth\Emil-Krafth,se SWE,DF,Newcastle Utd,4.7,0,0,0,3,0,0,0.0,0.64,0.00,0.00,,0.2,0.2,0.08,-0.2,-0.2,Matches
214,Tim Krul\Tim-Krul,nl NED,GK,Norwich City,18.0,0,0,0,0,0,0,,0.00,0.00,,,0.0,0.0,,0.0,0.0,Matches
215,Alexandre Lacazette\Alexandre-Lacazette,fr FRA,FW,Arsenal,9.5,5,0,0,31,13,1,41.9,3.26,1.37,0.16,0.38,3.6,3.6,0.12,+1.4,+1.4,Matches
216,Adam Lallana\Adam-Lallana,eng ENG,FWMF,Liverpool,3.1,1,0,0,3,1,0,33.3,0.96,0.32,0.33,1.00,1.0,1.0,0.33,0.0,0.0,Matches
217,Érik Lamela\Erik-Lamela,ar ARG,FWMF,Tottenham,6.9,2,0,0,13,4,2,30.8,1.88,0.58,0.15,0.50,1.0,1.0,0.08,+1.0,+1.0,Matches
218,Tariq Lamptey\Tariq-Lamptey,eng ENG,MF,Chelsea,0.3,0,0,0,0,0,0,,0.00,0.00,,,0.0,0.0,,0.0,0.0,Matches
219,Henri Lansbury\Henri-Lansbury,eng ENG,MF,Aston Villa,2.0,0,0,0,2,0,0,0.0,1.01,0.00,0.00,,0.1,0.1,0.05,-0.1,-0.1,Matches
220,Manuel Lanzini\Manuel-Lanzini,ar ARG,MF,West Ham,9.3,0,0,0,15,3,1,20.0,1.62,0.32,0.00,0.00,1.3,1.3,0.09,-1.3,-1.3,Matches
221,Aymeric Laporte\Aymeric-Laporte,fr FRA,DF,Manchester City,3.4,0,0,0,1,0,0,0.0,0.29,0.00,0.00,,0.1,0.1,0.09,-0.1,-0.1,Matches
222,Jamaal Lascelles\Jamaal-Lascelles,eng ENG,DF,Newcastle Utd,11.1,1,0,0,4,1,0,25.0,0.36,0.09,0.25,1.00,0.3,0.3,0.07,+0.7,+0.7,Matches
223,Moritz Leitner\Moritz-Leitner,de GER,MF,Norwich City,7.6,0,0,0,8,0,0,0.0,1.05,0.00,0.00,,0.2,0.2,0.03,-0.2,-0.2,Matches
224,Florian Lejeune\Florian-Lejeune,fr FRA,DFMF,Newcastle Utd,2.8,0,0,0,2,1,0,50.0,0.71,0.35,0.00,0.00,0.1,0.1,0.04,-0.1,-0.1,Matches
225,Aaron Lennon\Aaron-Lennon,eng ENG,FWMF,Burnley,4.3,0,0,0,1,0,0,0.0,0.23,0.00,0.00,,0.0,0.0,0.03,0.0,0.0,Matches
226,Bernd Leno\Bernd-Leno,de GER,GK,Arsenal,20.0,0,0,0,0,0,0,,0.00,0.00,,,0.0,0.0,,0.0,0.0,Matches
227,Jefferson Lerma\Jefferson-Lerma,co COL,MF,Bournemouth,15.6,0,0,0,15,1,0,6.7,0.96,0.06,0.00,0.00,0.4,0.4,0.03,-0.4,-0.4,Matches
228,Jamal Lewis\Jamal-Lewis,nir NIR,,Norwich City,12.8,0,0,0,5,2,0,40.0,0.39,0.16,0.00,0.00,0.1,0.1,0.02,-0.1,-0.1,Matches
229,Victor Lindelöf\Victor-Lindelof,se SWE,DF,Manchester Utd,19.0,1,0,0,3,1,0,33.3,0.16,0.05,0.33,1.00,0.3,0.3,0.10,+0.7,+0.7,Matches
230,Jesse Lingard\Jesse-Lingard,eng ENG,FWMF,Manchester Utd,9.0,0,0,0,16,4,0,25.0,1.78,0.44,0.00,0.00,1.6,1.6,0.10,-1.6,-1.6,Matches
231,Hugo Lloris\Hugo-Lloris,fr FRA,GK,Tottenham,6.1,0,0,0,0,0,0,,0.00,0.00,,,0.0,0.0,,0.0,0.0,Matches
232,Giovani Lo Celso\Giovani-Lo-Celso,ar ARG,MF,Tottenham,3.0,0,0,0,5,1,0,20.0,1.68,0.34,0.00,0.00,0.2,0.2,0.05,-0.2,-0.2,Matches
233,Jürgen Locadia\Jurgen-Locadia,nl NED,FW,Brighton,1.0,0,0,0,2,1,0,50.0,2.09,1.05,0.00,0.00,0.4,0.4,0.19,-0.4,-0.4,Matches
234,Kevin Long\Kevin-Long,ie IRL,DF,Burnley,0.0,0,0,0,0,0,0,,0.00,0.00,,,0.0,0.0,,0.0,0.0,Matches
235,Shane Long\Shane-Long,ie IRL,FW,Southampton,5.5,0,0,0,14,4,0,28.6,2.55,0.73,0.00,0.00,2.6,2.6,0.19,-2.6,-2.6,Matches
236,Matthew Longstaff\Matthew-Longstaff,eng ENG,MF,Newcastle Utd,4.0,2,0,0,3,2,0,66.7,0.75,0.50,0.67,1.00,0.3,0.3,0.11,+1.7,+1.7,Matches
237,Sean Longstaff\Sean-Longstaff,eng ENG,MF,Newcastle Utd,9.2,0,0,0,13,3,1,23.1,1.41,0.33,0.00,0.00,0.3,0.3,0.03,-0.3,-0.3,Matches
238,Dejan Lovren\Dejan-Lovren,hr CRO,DF,Liverpool,7.4,0,0,0,4,1,0,25.0,0.54,0.13,0.00,0.00,0.3,0.3,0.09,-0.3,-0.3,Matches
239,Matthew Lowton\Matthew-Lowton,eng ENG,DF,Burnley,12.0,0,0,0,0,0,0,,0.00,0.00,,,0.0,0.0,,0.0,0.0,Matches
240,David Luiz\David-Luiz,br BRA,DFMF,Arsenal,17.0,2,0,0,15,5,4,33.3,0.88,0.29,0.13,0.40,1.4,1.4,0.10,+0.6,+0.6,Matches
241,Douglas Luiz\Douglas-Luiz,br BRA,MF,Aston Villa,12.7,2,0,0,26,6,1,23.1,2.05,0.47,0.08,0.33,0.9,0.9,0.04,+1.1,+1.1,Matches
242,John Lundstram\John-Lundstram,eng ENG,MF,Sheffield Utd,18.7,3,0,0,28,7,0,25.0,1.50,0.37,0.11,0.43,3.4,3.4,0.12,-0.4,-0.4,Matches
243,James Maddison\James-Maddison,eng ENG,MF,Leicester City,17.9,5,0,0,46,12,7,26.1,2.58,0.67,0.11,0.42,3.6,3.6,0.08,+1.4,+1.4,Matches
244,Harry Maguire\Harry-Maguire,eng ENG,DF,Manchester Utd,20.0,0,0,0,20,6,0,30.0,1.00,0.30,0.00,0.00,1.3,1.3,0.06,-1.3,-1.3,Matches
245,Riyad Mahrez\Riyad-Mahrez,dz ALG,FWMF,Manchester City,10.1,5,0,0,37,19,4,51.4,3.68,1.89,0.14,0.26,2.9,2.9,0.08,+2.1,+2.1,Matches
246,Ainsley Maitland-Niles\Ainsley-Maitland-Niles,eng ENG,FWMF,Arsenal,10.4,0,0,0,3,0,0,0.0,0.29,0.00,0.00,,0.2,0.2,0.07,-0.2,-0.2,Matches
247,Sadio Mané\Sadio-Mane,sn SEN,FWMF,Liverpool,16.8,10,0,0,42,21,0,50.0,2.50,1.25,0.24,0.48,7.8,7.8,0.19,+2.2,+2.2,Matches
248,Javier Manquillo\Javier-Manquillo,es ESP,DF,Newcastle Utd,8.4,0,0,0,1,0,0,0.0,0.12,0.00,0.00,,0.0,0.0,0.04,0.0,0.0,Matches
249,Solly March\Solly-March,eng ENG,MF,Brighton,6.7,0,0,0,7,3,0,42.9,1.05,0.45,0.00,0.00,0.3,0.3,0.04,-0.3,-0.3,Matches
250,Adrian Mariappa\Adrian-Mariappa,jm JAM,DF,Watford,8.6,0,0,0,3,0,0,0.0,0.35,0.00,0.00,,0.3,0.3,0.10,-0.3,-0.3,Matches
251,Anthony Martial\Anthony-Martial,fr FRA,FW,Manchester Utd,12.3,7,0,1,36,18,0,50.0,2.92,1.46,0.19,0.39,5.3,4.6,0.13,+1.7,+2.4,Matches
252,David Martin\David-Martin,eng ENG,GK,West Ham,4.0,0,0,0,0,0,0,,0.00,0.00,,,0.0,0.0,,0.0,0.0,Matches
253,Martinelli\Martinelli,br BRA,MF,Arsenal,4.1,1,0,0,7,3,0,42.9,1.72,0.74,0.14,0.33,0.8,0.8,0.11,+0.2,+0.2,Matches
254,Adam Masina\Adam-Masina,it ITA,DF,Watford,5.4,0,0,0,2,0,0,0.0,0.37,0.00,0.00,,0.0,0.0,0.02,0.0,0.0,Matches
255,Arthur Masuaku\Arthur-Masuaku,cd COD,DF,West Ham,6.2,0,0,0,3,1,0,33.3,0.48,0.16,0.00,0.00,0.1,0.1,0.02,-0.1,-0.1,Matches
256,Juan Mata\Juan-Mata,es ESP,FWMF,Manchester Utd,4.7,0,0,0,5,1,1,20.0,1.07,0.21,0.00,0.00,0.9,0.9,0.18,-0.9,-0.9,Matches
257,Nemanja Matić\Nemanja-Matic,rs SRB,MF,Manchester Utd,2.8,0,0,0,4,1,0,25.0,1.44,0.36,0.00,0.00,0.1,0.1,0.03,-0.1,-0.1,Matches
258,Joël Matip\Joel-Matip,cm CMR,DFMF,Liverpool,7.0,1,0,0,3,1,0,33.3,0.43,0.14,0.33,1.00,0.2,0.2,0.07,+0.8,+0.8,Matches
259,Neal Maupay\Neal-Maupay,fr FRA,FWMF,Brighton,16.1,7,1,1,53,19,0,35.8,3.29,1.18,0.11,0.32,7.4,6.6,0.13,-0.4,-0.6,Matches
260,James McArthur\James-McArthur,sco SCO,MF,Crystal Palace,18.3,0,0,0,17,4,0,23.5,0.93,0.22,0.00,0.00,1.5,1.5,0.09,-1.5,-1.5,Matches
261,Oliver McBurnie\Oliver-McBurnie,sco SCO,FW,Sheffield Utd,8.7,3,0,0,20,8,0,40.0,2.29,0.92,0.15,0.38,2.7,2.7,0.13,+0.3,+0.3,Matches
262,Alex McCarthy\Alex-McCarthy,eng ENG,GK,Southampton,10.0,0,0,0,0,0,0,,0.00,0.00,,,0.0,0.0,,0.0,0.0,Matches
263,James McCarthy\James-McCarthy,ie IRL,MF,Crystal Palace,4.9,0,0,0,3,2,0,66.7,0.62,0.41,0.00,0.00,0.2,0.2,0.08,-0.2,-0.2,Matches
264,John McGinn\John-McGinn,sco SCO,MF,Aston Villa,17.1,3,0,0,38,14,0,36.8,2.22,0.82,0.08,0.21,2.7,2.7,0.07,+0.3,+0.3,Matches
265,David McGoldrick\David-McGoldrick,ie IRL,FW,Sheffield Utd,13.3,0,0,0,34,15,0,44.1,2.55,1.13,0.00,0.00,5.5,5.5,0.16,-5.5,-5.5,Matches
266,Michael McGovern\Michael-McGovern,nir NIR,GK,Norwich City,1.8,0,0,0,0,0,0,,0.00,0.00,,,0.0,0.0,,0.0,0.0,Matches
267,Kenny McLean\Kenny-McLean,sco SCO,MF,Norwich City,16.4,1,0,0,18,7,1,38.9,1.10,0.43,0.06,0.14,1.0,1.0,0.06,0.0,0.0,Matches
268,Dwight McNeil\Dwight-McNeil,eng ENG,MF,Burnley,19.2,1,0,0,22,7,3,31.8,1.15,0.37,0.05,0.14,0.9,0.9,0.04,+0.1,+0.1,Matches
269,Scott McTominay\Scott-McTominay,sco SCO,MF,Manchester Utd,16.2,2,0,0,27,8,0,29.6,1.67,0.50,0.07,0.25,1.4,1.4,0.05,+0.6,+0.6,Matches
270,Ben Mee\Ben-Mee,eng ENG,DF,Burnley,20.0,0,0,0,9,3,0,33.3,0.45,0.15,0.00,0.00,0.5,0.5,0.06,-0.5,-0.5,Matches
271,Benjamin Mendy\Benjamin-Mendy,fr FRA,DF,Manchester City,7.3,0,0,0,3,0,0,0.0,0.41,0.00,0.00,,0.1,0.1,0.03,-0.1,-0.1,Matches
272,Nampalys Mendy\Nampalys-Mendy,fr FRA,MF,Leicester City,0.8,0,0,0,0,0,0,,0.00,0.00,,,0.0,0.0,,0.0,0.0,Matches
273,Chris Mepham\Chris-Mepham,wal WAL,,Bournemouth,9.0,1,0,0,6,1,0,16.7,0.67,0.11,0.17,1.00,0.6,0.6,0.10,+0.4,+0.4,Matches
274,Max Meyer\Max-Meyer,de GER,FWMF,Crystal Palace,4.0,0,0,0,6,1,0,16.7,1.51,0.25,0.00,0.00,0.5,0.5,0.08,-0.5,-0.5,Matches
275,Luka Milivojević\Luka-Milivojevic,rs SRB,MF,Crystal Palace,18.8,2,2,2,19,5,6,26.3,1.01,0.27,0.00,0.00,2.0,0.5,0.03,0.0,-0.5,Matches
276,James Milner\James-Milner,eng ENG,MF,Liverpool,6.4,2,2,2,9,0,0,0.0,1.41,0.00,0.00,,1.9,0.4,0.04,+0.1,-0.4,Matches
277,Yerry Mina\Yerry-Mina,co COL,DF,Everton,17.1,0,0,0,21,8,0,38.1,1.23,0.47,0.00,0.00,1.3,1.3,0.06,-1.3,-1.3,Matches
278,Tyrone Mings\Tyrone-Mings,eng ENG,DF,Aston Villa,15.3,1,0,0,4,2,0,50.0,0.26,0.13,0.25,0.50,0.7,0.7,0.17,+0.3,+0.3,Matches
279,Henrikh Mkhitaryan\Henrikh-Mkhitaryan,am ARM,FWMF,Arsenal,1.2,0,0,0,2,0,0,0.0,1.62,0.00,0.00,,0.2,0.2,0.11,-0.2,-0.2,Matches
280,Nacho Monreal\Nacho-Monreal,es ESP,DF,Arsenal,3.0,0,0,0,1,0,0,0.0,0.33,0.00,0.00,,0.1,0.1,0.08,-0.1,-0.1,Matches
281,Martín Montoya\Martin-Montoya,es ESP,DF,Brighton,14.4,0,0,0,7,3,0,42.9,0.49,0.21,0.00,0.00,1.2,1.2,0.18,-1.2,-1.2,Matches
282,Simon Moore\Simon-Moore,eng ENG,GK,Sheffield Utd,1.0,0,0,0,0,0,0,,0.00,0.00,,,0.0,0.0,,0.0,0.0,Matches
283,Aaron Mooy\Aaron-Mooy,au AUS,MF,Brighton,11.0,1,0,0,16,3,0,18.8,1.46,0.27,0.06,0.33,1.1,1.1,0.07,-0.1,-0.1,Matches
284,Wesley Moraes\Wesley-Moraes,br BRA,FW,Aston Villa,19.1,4,0,1,32,15,0,46.9,1.68,0.79,0.13,0.27,4.9,4.0,0.14,-0.9,0.0,Matches
285,Wes Morgan\Wes-Morgan,jm JAM,DF,Leicester City,1.6,0,0,0,1,1,0,100.0,0.62,0.62,0.00,0.00,0.0,0.0,0.05,0.0,0.0,Matches
286,Ravel Morrison\Ravel-Morrison,eng ENG,MF,Sheffield Utd,0.1,0,0,0,1,0,0,0.0,7.50,0.00,0.00,,0.0,0.0,0.04,0.0,0.0,Matches
287,Mason Mount\Mason-Mount,eng ENG,MF,Chelsea,18.2,5,0,0,51,19,7,37.3,2.80,1.04,0.10,0.26,4.7,4.7,0.09,+0.3,+0.3,Matches
288,Lucas Moura\Lucas-Moura,br BRA,FWMF,Tottenham,10.3,4,0,0,26,9,0,34.6,2.53,0.88,0.15,0.44,3.8,3.8,0.14,+0.2,+0.2,Matches
289,Lys Mousset\Lys-Mousset,fr FRA,MF,Sheffield Utd,8.8,5,0,0,24,5,0,20.8,2.72,0.57,0.21,1.00,2.6,2.6,0.11,+2.4,+2.4,Matches
290,João Moutinho\Joao-Moutinho,pt POR,MF,Wolves,19.0,1,0,0,14,5,3,35.7,0.74,0.26,0.07,0.20,0.6,0.6,0.04,+0.4,+0.4,Matches
291,Glenn Murray\Glenn-Murray,eng ENG,FW,Brighton,4.4,0,0,0,7,2,0,28.6,1.58,0.45,0.00,0.00,0.6,0.6,0.09,-0.6,-0.6,Matches
292,Shkodran Mustafi\Shkodran-Mustafi,de GER,DF,Arsenal,1.9,0,0,0,2,0,0,0.0,1.06,0.00,0.00,,0.3,0.3,0.17,-0.3,-0.3,Matches
293,Yoshinori Mutō\Yoshinori-Muto,jp JPN,MF,Newcastle Utd,1.2,0,0,0,1,0,0,0.0,0.81,0.00,0.00,,0.1,0.1,0.09,-0.1,-0.1,Matches
294,Georges-Kévin N'Koudou\Georges-Kevin-NKoudou,fr FRA,MF,Tottenham,0.0,0,0,0,1,0,0,0.0,45.00,0.00,0.00,,0.0,0.0,0.02,0.0,0.0,Matches
295,Marvelous Nakamba\Marvelous-Nakamba,zw ZIM,MF,Aston Villa,11.8,0,0,0,4,1,0,25.0,0.34,0.08,0.00,0.00,0.1,0.1,0.02,-0.1,-0.1,Matches
296,Wilfred Ndidi\Wilfred-Ndidi,ng NGA,DF,Leicester City,18.2,2,0,0,16,2,0,12.5,0.88,0.11,0.13,1.00,1.0,1.0,0.06,+1.0,+1.0,Matches
297,Tanguy Ndombele\Tanguy-Ndombele,fr FRA,MF,Tottenham,8.6,2,0,0,9,4,0,44.4,1.04,0.46,0.22,0.50,0.4,0.4,0.04,+1.6,+1.6,Matches
298,Reiss Nelson\Reiss-Nelson,eng ENG,MF,Arsenal,4.6,0,0,0,7,3,0,42.9,1.53,0.66,0.00,0.00,0.5,0.5,0.08,-0.5,-0.5,Matches
299,Pedro Neto\Pedro-Neto,pt POR,FW,Wolves,3.2,0,0,0,6,1,0,16.7,1.88,0.31,0.00,0.00,0.5,0.5,0.08,-0.5,-0.5,Matches
300,Rúben Neves\Ruben-Neves,pt POR,MF,Wolves,17.3,2,0,0,33,6,1,18.2,1.90,0.35,0.06,0.33,0.8,0.8,0.02,+1.2,+1.2,Matches
301,Oumar Niasse\Oumar-Niasse,sn SEN,FWMF,Everton,0.0,0,0,0,0,0,0,,0.00,0.00,,,0.0,0.0,,0.0,0.0,Matches
302,Mark Noble\Mark-Noble,eng ENG,MF,West Ham,14.0,1,1,1,9,2,0,22.2,0.64,0.14,0.00,0.00,1.2,0.4,0.05,-0.2,-0.4,Matches
303,Oliver Norwood\Oliver-Norwood,nir NIR,MF,Sheffield Utd,18.6,1,1,1,12,4,2,33.3,0.65,0.22,0.00,0.00,1.3,0.6,0.05,-0.3,-0.6,Matches
304,Ørjan Nyland\Orjan-Nyland,no NOR,GK,Aston Villa,0.9,0,0,0,0,0,0,,0.00,0.00,,,0.0,0.0,,0.0,0.0,Matches
305,Jack O'Connell\Jack-OConnell,eng ENG,DF,Sheffield Utd,20.0,0,0,0,11,2,0,18.2,0.55,0.10,0.00,0.00,0.9,0.9,0.08,-0.9,-0.9,Matches
306,Michael Obafemi\Michael-Obafemi,ie IRL,FW,Southampton,2.9,1,0,0,3,1,0,33.3,1.05,0.35,0.33,1.00,0.2,0.2,0.06,+0.8,+0.8,Matches
307,Angelo Ogbonna\Angelo-Ogbonna,it ITA,DF,West Ham,14.0,2,0,0,6,4,0,66.7,0.43,0.29,0.33,0.50,0.7,0.7,0.12,+1.3,+1.3,Matches
308,Divock Origi\Divock-Origi,be BEL,FWMF,Liverpool,4.3,3,0,0,9,3,0,33.3,2.08,0.69,0.33,1.00,1.9,1.9,0.21,+1.1,+1.1,Matches
309,Ben Osborn\Ben-Osborn,eng ENG,MF,Sheffield Utd,0.6,0,0,0,0,0,0,,0.00,0.00,,,0.0,0.0,,0.0,0.0,Matches
310,Nicolás Otamendi\Nicolas-Otamendi,ar ARG,DF,Manchester City,11.0,2,0,0,12,5,0,41.7,1.09,0.45,0.17,0.40,2.2,2.2,0.18,-0.2,-0.2,Matches
311,Alex Oxlade-Chamberlain\Alex-Oxlade-Chamberlain,eng ENG,MF,Liverpool,5.7,1,0,0,18,3,0,16.7,3.17,0.53,0.06,0.33,1.3,1.3,0.07,-0.3,-0.3,Matches
312,Mesut Özil\Mesut-Ozil,de GER,MF,Arsenal,9.1,0,0,0,6,2,0,33.3,0.66,0.22,0.00,0.00,0.8,0.8,0.13,-0.8,-0.8,Matches
313,Emerson Palmieri\Emerson-Palmieri,it ITA,DF,Chelsea,10.2,0,0,0,11,7,1,63.6,1.08,0.69,0.00,0.00,0.8,0.8,0.07,-0.8,-0.8,Matches
314,Sokratis Papastathopoulos\Sokratis-Papastathopoulos,gr GRE,DF,Arsenal,15.9,1,0,0,5,1,0,20.0,0.32,0.06,0.20,1.00,0.4,0.4,0.07,+0.6,+0.6,Matches
315,Troy Parrott\Troy-Parrott,ie IRL,FW,Tottenham,0.1,0,0,0,0,0,0,,0.00,0.00,,,0.0,0.0,,0.0,0.0,Matches
316,Rui Patrício\Rui-Patricio,pt POR,GK,Wolves,20.0,0,0,0,0,0,0,,0.00,0.00,,,0.0,0.0,,0.0,0.0,Matches
317,Pedro\Pedro,es ESP,FWMF,Chelsea,3.5,0,0,0,12,4,0,33.3,3.46,1.15,0.00,0.00,1.2,1.2,0.10,-1.2,-1.2,Matches
318,Nicolas Pépé\Nicolas-Pepe,ci CIV,FW,Arsenal,11.4,2,1,1,31,9,4,29.0,2.73,0.79,0.03,0.11,3.4,2.6,0.08,-1.4,-1.6,Matches
319,Andreas Pereira\Andreas-Pereira,br BRA,MF,Manchester Utd,12.8,1,0,0,27,10,3,37.0,2.11,0.78,0.04,0.10,1.1,1.1,0.04,-0.1,-0.1,Matches
320,Ricardo Pereira\Ricardo-Pereira,pt POR,DFFW,Leicester City,19.0,2,0,0,9,3,0,33.3,0.47,0.16,0.22,0.67,0.6,0.6,0.07,+1.4,+1.4,Matches
321,Roberto Pereyra\Roberto-Pereyra,ar ARG,MF,Watford,9.7,1,1,1,12,3,3,25.0,1.24,0.31,0.00,0.00,1.8,1.0,0.09,-0.8,-1.0,Matches
322,Ayoze Pérez\Ayoze-Perez,es ESP,FW,Leicester City,11.5,4,0,0,23,11,0,47.8,2.00,0.95,0.17,0.36,3.0,3.0,0.13,+1.0,+1.0,Matches
323,Jordan Pickford\Jordan-Pickford,eng ENG,GK,Everton,20.0,0,0,0,0,0,0,,0.00,0.00,,,0.0,0.0,,0.0,0.0,Matches
324,Erik Pieters\Erik-Pieters,nl NED,DF,Burnley,13.7,0,0,0,7,1,0,14.3,0.51,0.07,0.00,0.00,0.2,0.2,0.02,-0.2,-0.2,Matches
325,Paul Pogba\Paul-Pogba,fr FRA,MF,Manchester Utd,5.8,0,0,1,13,4,1,30.8,2.25,0.69,0.00,0.00,1.6,0.9,0.07,-1.6,-0.9,Matches
326,Nick Pope\Nick-Pope,eng ENG,GK,Burnley,20.0,0,0,0,0,0,0,,0.00,0.00,,,0.0,0.0,,0.0,0.0,Matches
327,Dennis Praet\Dennis-Praet,be BEL,MF,Leicester City,6.2,0,0,0,7,0,0,0.0,1.13,0.00,0.00,,0.5,0.5,0.07,-0.5,-0.5,Matches
328,Sebastian Prödl\Sebastian-Prodl,at AUT,DFMF,Watford,0.6,0,0,0,2,0,0,0.0,3.16,0.00,0.00,,0.1,0.1,0.04,-0.1,-0.1,Matches
329,Davy Pröpper\Davy-Propper,nl NED,MF,Brighton,17.0,1,0,0,24,7,0,29.2,1.41,0.41,0.04,0.14,1.2,1.2,0.05,-0.2,-0.2,Matches
330,Teemu Pukki\Teemu-Pukki,fi FIN,FW,Norwich City,19.9,9,0,0,54,26,0,48.1,2.72,1.31,0.17,0.35,7.8,7.8,0.14,+1.2,+1.2,Matches
331,Christian Pulisic\Christian-Pulisic,us USA,MF,Chelsea,11.2,5,0,0,34,15,0,44.1,3.03,1.34,0.15,0.33,5.0,5.0,0.15,0.0,0.0,Matches
332,Domingos Quina\Domingos-Quina,pt POR,MF,Watford,0.2,0,0,0,1,1,0,100.0,6.43,6.43,0.00,0.00,0.0,0.0,0.03,0.0,0.0,Matches
333,Aaron Ramsdale\Aaron-Ramsdale,eng ENG,GK,Bournemouth,20.0,0,0,0,0,0,0,,0.00,0.00,,,0.0,0.0,,0.0,0.0,Matches
334,Marcus Rashford\Marcus-Rashford,eng ENG,FW,Manchester Utd,19.3,12,4,6,60,24,14,40.0,3.12,1.25,0.13,0.33,12.1,7.6,0.13,-0.1,+0.4,Matches
335,Nathan Redmond\Nathan-Redmond,eng ENG,MF,Southampton,16.9,2,0,0,32,11,0,34.4,1.89,0.65,0.06,0.18,3.2,3.2,0.10,-1.2,-1.2,Matches
336,Declan Rice\Declan-Rice,eng ENG,DF,West Ham,19.0,0,0,0,13,5,0,38.5,0.68,0.26,0.00,0.00,0.5,0.5,0.04,-0.5,-0.5,Matches
337,Richarlison\Richarlison,br BRA,FW,Everton,19.2,6,0,0,50,16,0,32.0,2.60,0.83,0.12,0.38,4.0,4.0,0.08,+2.0,+2.0,Matches
338,Diego Rico\Diego-Rico,es ESP,DF,Bournemouth,15.4,0,0,0,7,2,1,28.6,0.45,0.13,0.00,0.00,0.2,0.2,0.03,-0.2,-0.2,Matches
339,Jaïro Riedewald\Jairo-Riedewald,nl NED,DF,Crystal Palace,2.3,0,0,0,0,0,0,,0.00,0.00,,,0.0,0.0,,0.0,0.0,Matches
340,Matt Ritchie\Matt-Ritchie,sco SCO,MF,Newcastle Utd,3.0,0,0,0,3,0,0,0.0,1.00,0.00,0.00,,0.1,0.1,0.02,-0.1,-0.1,Matches
341,Roberto\Roberto,es ESP,GK,West Ham,7.6,0,0,0,0,0,0,,0.00,0.00,,,0.0,0.0,,0.0,0.0,Matches
342,Patrick Roberts\Patrick-Roberts,eng ENG,FWMF,Norwich City,0.3,0,0,0,0,0,0,,0.00,0.00,,,0.0,0.0,,0.0,0.0,Matches
343,Andrew Robertson\Andrew-Robertson,sco SCO,DF,Liverpool,18.2,1,0,0,11,4,0,36.4,0.60,0.22,0.09,0.25,0.9,0.9,0.08,+0.1,+0.1,Matches
344,Callum Robinson\Callum-Robinson,ie IRL,FW,Sheffield Utd,7.1,1,0,0,13,3,0,23.1,1.83,0.42,0.08,0.33,2.1,2.1,0.16,-1.1,-1.1,Matches
345,Rodri\Rodri,es ESP,MF,Manchester City,14.9,2,0,0,9,6,0,66.7,0.60,0.40,0.22,0.33,0.4,0.4,0.05,+1.6,+1.6,Matches
346,Jay Rodriguez\Jay-Rodriguez,eng ENG,FW,Burnley,8.1,3,0,0,18,7,0,38.9,2.23,0.87,0.17,0.43,1.7,1.7,0.09,+1.3,+1.3,Matches
347,Marcos Rojo\Marcos-Rojo,ar ARG,DF,Manchester Utd,1.3,0,0,0,1,0,0,0.0,0.75,0.00,0.00,,0.1,0.1,0.11,-0.1,-0.1,Matches
348,Oriol Romeu\Oriol-Romeu,es ESP,MF,Southampton,12.5,0,0,0,5,0,0,0.0,0.40,0.00,0.00,,0.2,0.2,0.04,-0.2,-0.2,Matches
349,Danny Rose\Danny-Rose,eng ENG,DFMF,Tottenham,9.2,0,0,0,2,0,0,0.0,0.22,0.00,0.00,,0.1,0.1,0.06,-0.1,-0.1,Matches
350,Antonio Rüdiger\Antonio-Rudiger,de GER,DF,Chelsea,4.5,0,0,0,2,0,0,0.0,0.44,0.00,0.00,,0.1,0.1,0.03,-0.1,-0.1,Matches
351,Mathew Ryan\Mathew-Ryan,au AUS,GK,Brighton,20.0,0,0,0,0,0,0,,0.00,0.00,,,0.0,0.0,,0.0,0.0,Matches
352,Allan Saint-Maximin\Allan-Saint-Maximin,fr FRA,FWMF,Newcastle Utd,9.1,1,0,0,18,9,0,50.0,1.97,0.98,0.06,0.11,1.5,1.5,0.08,-0.5,-0.5,Matches
353,Romain Saïss\Romain-Saiss,ma MAR,DF,Wolves,13.1,2,0,0,14,7,0,50.0,1.07,0.54,0.14,0.29,1.7,1.7,0.12,+0.3,+0.3,Matches
354,Bukayo Saka\Bukayo-Saka,eng ENG,MF,Arsenal,7.5,0,0,0,4,1,0,25.0,0.53,0.13,0.00,0.00,0.6,0.6,0.15,-0.6,-0.6,Matches
355,Mamadou Sakho\Mamadou-Sakho,fr FRA,DF,Crystal Palace,4.7,0,0,0,0,0,0,,0.00,0.00,,,0.0,0.0,,0.0,0.0,Matches
356,Mohamed Salah\Mohamed-Salah,eg EGY,FWMF,Liverpool,15.1,9,2,2,59,25,2,42.4,3.92,1.66,0.12,0.28,9.1,7.6,0.13,-0.1,-0.6,Matches
357,Carlos Sánchez\Carlos-Sanchez,co COL,MF,West Ham,1.3,0,0,0,0,0,0,,0.00,0.00,,,0.0,0.0,,0.0,0.0,Matches
358,Davinson Sánchez\Davinson-Sanchez,co COL,DF,Tottenham,15.0,0,0,0,4,2,0,50.0,0.27,0.13,0.00,0.00,0.6,0.6,0.15,-0.6,-0.6,Matches
359,Ismaila Sarr\Ismaila-Sarr,sn SEN,MF,Watford,8.6,3,0,0,23,6,0,26.1,2.68,0.70,0.13,0.50,2.5,2.5,0.11,+0.5,+0.5,Matches
360,Fabian Schär\Fabian-Schar,ch SUI,DF,Newcastle Utd,13.3,2,0,0,14,4,1,28.6,1.05,0.30,0.14,0.50,1.0,1.0,0.07,+1.0,+1.0,Matches
361,Ezequiel Schelotto\Ezequiel-Schelotto,it ITA,DFMF,Brighton,1.4,0,0,0,1,0,0,0.0,0.73,0.00,0.00,,0.0,0.0,0.03,0.0,0.0,Matches
362,Jeffrey Schlupp\Jeffrey-Schlupp,gh GHA,DFFW,Crystal Palace,9.5,2,0,0,14,7,0,50.0,1.47,0.73,0.14,0.29,1.5,1.5,0.11,+0.5,+0.5,Matches
363,Kasper Schmeichel\Kasper-Schmeichel,dk DEN,GK,Leicester City,20.0,0,0,0,0,0,0,,0.00,0.00,,,0.0,0.0,,0.0,0.0,Matches
364,Morgan Schneiderlin\Morgan-Schneiderlin,fr FRA,MF,Everton,8.2,0,0,0,5,0,0,0.0,0.61,0.00,0.00,,0.2,0.2,0.05,-0.2,-0.2,Matches
365,Ryan Sessegnon\Ryan-Sessegnon,eng ENG,DF,Tottenham,1.8,0,0,0,1,0,0,0.0,0.56,0.00,0.00,,0.1,0.1,0.11,-0.1,-0.1,Matches
366,Xherdan Shaqiri\Xherdan-Shaqiri,ch SUI,MF,Liverpool,1.9,1,0,0,4,1,0,25.0,2.07,0.52,0.25,1.00,0.5,0.5,0.12,+0.5,+0.5,Matches
367,Billy Sharp\Billy-Sharp,eng ENG,FW,Sheffield Utd,2.9,1,0,0,3,1,0,33.3,1.04,0.35,0.33,1.00,0.7,0.7,0.22,+0.3,+0.3,Matches
368,Luke Shaw\Luke-Shaw,eng ENG,DFMF,Manchester Utd,6.5,0,0,0,6,3,0,50.0,0.92,0.46,0.00,0.00,0.3,0.3,0.05,-0.3,-0.3,Matches
369,Jonjo Shelvey\Jonjo-Shelvey,eng ENG,MF,Newcastle Utd,11.5,5,0,0,24,8,5,33.3,2.09,0.70,0.21,0.63,1.7,1.7,0.07,+3.3,+3.3,Matches
370,Djibril Sidibé\Djibril-Sidibe,fr FRA,DFMF,Everton,10.5,0,0,0,6,1,0,16.7,0.57,0.10,0.00,0.00,0.2,0.2,0.04,-0.2,-0.2,Matches
371,Gylfi Sigurðsson\Gylfi-Sigurdsson,is ISL,MF,Everton,15.8,1,0,0,31,10,3,32.3,1.97,0.63,0.03,0.10,2.0,2.0,0.06,-1.0,-1.0,Matches
372,Bernardo Silva\Bernardo-Silva,pt POR,FWMF,Manchester City,13.1,5,0,0,28,11,0,39.3,2.14,0.84,0.18,0.45,4.0,4.0,0.14,+1.0,+1.0,Matches
373,David Silva\David-Silva,es ESP,MF,Manchester City,11.3,3,0,0,26,8,2,30.8,2.30,0.71,0.12,0.38,3.3,3.3,0.13,-0.3,-0.3,Matches
374,Jack Simpson\Jack-Simpson,eng ENG,DF,Bournemouth,1.6,0,0,0,1,0,0,0.0,0.62,0.00,0.00,,0.0,0.0,0.01,0.0,0.0,Matches
375,Moussa Sissoko\Moussa-Sissoko,fr FRA,MF,Tottenham,17.8,2,0,0,12,3,0,25.0,0.68,0.17,0.17,0.67,2.0,2.0,0.17,0.0,0.0,Matches
376,Oliver Skipp\Oliver-Skipp,eng ENG,MF,Tottenham,0.1,0,0,0,0,0,0,,0.00,0.00,,,0.0,0.0,,0.0,0.0,Matches
377,Adam Smith\Adam-Smith,eng ENG,DF,Bournemouth,9.3,0,0,0,2,1,0,50.0,0.21,0.11,0.00,0.00,0.5,0.5,0.25,-0.5,-0.5,Matches
378,Emile Smith-Rowe\Emile-Smith-Rowe,eng ENG,,Arsenal,1.1,0,0,0,0,0,0,,0.00,0.00,,,0.0,0.0,,0.0,0.0,Matches
379,Robert Snodgrass\Robert-Snodgrass,sco SCO,FWMF,West Ham,10.2,3,0,0,13,6,0,46.2,1.27,0.59,0.23,0.50,2.0,2.0,0.16,+1.0,+1.0,Matches
380,Cédric Soares\Cedric-Soares,pt POR,DF,Southampton,11.3,0,0,0,8,3,0,37.5,0.71,0.27,0.00,0.00,0.5,0.5,0.06,-0.5,-0.5,Matches
381,Dominic Solanke\Dominic-Solanke,eng ENG,FW,Bournemouth,9.6,0,0,0,22,5,0,22.7,2.30,0.52,0.00,0.00,1.8,1.8,0.08,-1.8,-1.8,Matches
382,Çağlar Söyüncü\Caglar-Soyuncu,tr TUR,DF,Leicester City,19.0,1,0,0,13,5,0,38.5,0.68,0.26,0.08,0.20,1.8,1.8,0.14,-0.8,-0.8,Matches
383,Dennis Srbeny\Dennis-Srbeny,de GER,MF,Norwich City,0.4,1,0,0,2,1,0,50.0,4.62,2.31,0.50,1.00,0.5,0.5,0.23,+0.5,+0.5,Matches
384,Jack Stacey\Jack-Stacey,eng ENG,FWMF,Bournemouth,8.9,0,0,0,3,1,0,33.3,0.34,0.11,0.00,0.00,0.2,0.2,0.05,-0.2,-0.2,Matches
385,Junior Stanislas\Junior-Stanislas,eng ENG,MF,Bournemouth,0.7,0,0,0,1,1,0,100.0,1.45,1.45,0.00,0.00,0.0,0.0,0.05,0.0,0.0,Matches
386,Jed Steer\Jed-Steer,eng ENG,GK,Aston Villa,0.1,0,0,0,0,0,0,,0.00,0.00,,,0.0,0.0,,0.0,0.0,Matches
387,Dale Stephens\Dale-Stephens,eng ENG,MF,Brighton,17.8,0,0,0,11,2,0,18.2,0.62,0.11,0.00,0.00,0.4,0.4,0.03,-0.4,-0.4,Matches
388,Jack Stephens\Jack-Stephens,eng ENG,DF,Southampton,11.3,1,0,0,2,1,0,50.0,0.18,0.09,0.50,1.00,0.2,0.2,0.10,+0.8,+0.8,Matches
389,Raheem Sterling\Raheem-Sterling,eng ENG,FWMF,Manchester City,18.6,11,0,1,56,19,1,33.9,3.02,1.02,0.20,0.58,9.6,8.7,0.17,+1.4,+2.3,Matches
390,Enda Stevens\Enda-Stevens,ie IRL,DF,Sheffield Utd,20.0,1,0,0,12,2,0,16.7,0.60,0.10,0.08,0.50,0.5,0.5,0.04,+0.5,+0.5,Matches
391,Marco Stiepermann\Marco-Stiepermann,de GER,FWMF,Norwich City,10.2,0,0,0,18,5,0,27.8,1.76,0.49,0.00,0.00,1.5,1.5,0.08,-1.5,-1.5,Matches
392,John Stones\John-Stones,eng ENG,DF,Manchester City,7.8,0,0,0,5,1,0,20.0,0.64,0.13,0.00,0.00,0.6,0.6,0.12,-0.6,-0.6,Matches
393,Isaac Success\Isaac-Success,ng NGA,FW,Watford,0.6,0,0,0,1,1,0,100.0,1.80,1.80,0.00,0.00,0.1,0.1,0.08,-0.1,-0.1,Matches
394,Ki Sung-yueng\Ki-Sung-yueng,kr KOR,MF,Newcastle Utd,1.5,0,0,0,0,0,0,,0.00,0.00,,,0.0,0.0,,0.0,0.0,Matches
395,Andrew Surman\Andrew-Surman,eng ENG,MF,Bournemouth,0.6,0,0,0,0,0,0,,0.00,0.00,,,0.0,0.0,,0.0,0.0,Matches
396,Matt Targett\Matt-Targett,eng ENG,DF,Aston Villa,12.8,1,0,0,2,1,1,50.0,0.16,0.08,0.50,1.00,0.2,0.2,0.12,+0.8,+0.8,Matches
397,James Tarkowski\James-Tarkowski,eng ENG,DF,Burnley,20.0,1,0,0,12,2,0,16.7,0.60,0.10,0.08,0.50,1.3,1.3,0.12,-0.3,-0.3,Matches
398,Charlie Taylor\Charlie-Taylor,eng ENG,DF,Burnley,6.3,0,0,0,0,0,0,,0.00,0.00,,,0.0,0.0,,0.0,0.0,Matches
399,Neil Taylor\Neil-Taylor,wal WAL,DF,Aston Villa,6.8,0,0,0,3,0,0,0.0,0.44,0.00,0.00,,0.2,0.2,0.07,-0.2,-0.2,Matches
400,Alexander Tettey\Alexander-Tettey,no NOR,MF,Norwich City,11.4,1,0,0,9,2,0,22.2,0.79,0.18,0.11,0.50,0.4,0.4,0.05,+0.6,+0.6,Matches
401,Youri Tielemans\Youri-Tielemans,be BEL,MF,Leicester City,18.5,3,0,0,33,7,0,21.2,1.78,0.38,0.09,0.43,1.9,1.9,0.06,+1.1,+1.1,Matches
402,Kieran Tierney\Kieran-Tierney,sco SCO,DF,Arsenal,3.3,0,0,0,2,0,0,0.0,0.60,0.00,0.00,,0.1,0.1,0.04,-0.1,-0.1,Matches
403,James Tomkins\James-Tomkins,eng ENG,DFMF,Crystal Palace,11.9,1,0,0,5,2,0,40.0,0.42,0.17,0.20,0.50,0.6,0.6,0.12,+0.4,+0.4,Matches
404,Fikayo Tomori\Fikayo-Tomori,eng ENG,DF,Chelsea,13.7,1,0,0,7,3,0,42.9,0.51,0.22,0.14,0.33,0.6,0.6,0.08,+0.4,+0.4,Matches
405,Lucas Torreira\Lucas-Torreira,uy URU,MF,Arsenal,11.0,1,0,0,17,4,0,23.5,1.55,0.36,0.06,0.25,1.4,1.4,0.08,-0.4,-0.4,Matches
406,Cenk Tosun\Cenk-Tosun,tr TUR,FW,Everton,3.2,1,0,0,11,3,0,27.3,3.41,0.93,0.09,0.33,0.8,0.8,0.07,+0.2,+0.2,Matches
407,Andros Townsend\Andros-Townsend,eng ENG,FWMF,Crystal Palace,8.7,1,0,0,5,4,0,80.0,0.58,0.46,0.20,0.25,0.2,0.2,0.04,+0.8,+0.8,Matches
408,Adama Traoré\Adama-Traore,es ESP,FWMF,Wolves,16.6,4,0,0,25,7,0,28.0,1.51,0.42,0.16,0.57,1.9,1.9,0.08,+2.1,+2.1,Matches
409,Trézéguet\Trezeguet,eg EGY,MF,Aston Villa,11.0,3,0,0,32,9,2,28.1,2.91,0.82,0.09,0.33,2.3,2.3,0.07,+0.7,+0.7,Matches
410,Leandro Trossard\Leandro-Trossard,be BEL,FW,Brighton,8.7,2,0,0,15,6,0,40.0,1.72,0.69,0.13,0.33,1.6,1.6,0.11,+0.4,+0.4,Matches
411,Tom Trybull\Tom-Trybull,de GER,DFMF,Norwich City,11.4,0,0,0,11,2,0,18.2,0.96,0.17,0.00,0.00,0.4,0.4,0.04,-0.4,-0.4,Matches
412,Axel Tuanzebe\Axel-Tuanzebe,eng ENG,DF,Manchester Utd,2.1,0,0,0,0,0,0,,0.00,0.00,,,0.0,0.0,,0.0,0.0,Matches
413,Yan Valery\Yan-Valery,fr FRA,DF,Southampton,6.2,0,0,0,2,1,0,50.0,0.32,0.16,0.00,0.00,0.2,0.2,0.12,-0.2,-0.2,Matches
414,Jesús Vallejo\Jesus-Vallejo,es ESP,DF,Wolves,1.8,0,0,0,0,0,0,,0.00,0.00,,,0.0,0.0,,0.0,0.0,Matches
415,Jamie Vardy\Jamie-Vardy,eng ENG,FW,Leicester City,19.0,17,3,3,48,26,0,54.2,2.53,1.37,0.29,0.54,11.1,8.8,0.20,+5.9,+5.2,Matches
416,Jan Vertonghen\Jan-Vertonghen,be BEL,DF,Tottenham,12.3,1,0,0,1,1,0,100.0,0.08,0.08,1.00,1.00,0.0,0.0,0.03,+1.0,+1.0,Matches
417,Jannik Vestergaard\Jannik-Vestergaard,dk DEN,DF,Southampton,10.4,1,0,0,7,4,0,57.1,0.67,0.39,0.14,0.25,0.5,0.5,0.07,+0.5,+0.5,Matches
418,Rúben Vinagre\Ruben-Vinagre,pt POR,DF,Wolves,3.3,0,0,0,2,0,0,0.0,0.61,0.00,0.00,,0.1,0.1,0.05,-0.1,-0.1,Matches
419,Mario Vrančić\Mario-Vrancic,ba BIH,MF,Norwich City,2.2,1,0,0,6,2,1,33.3,2.71,0.90,0.17,0.50,0.3,0.3,0.05,+0.7,+0.7,Matches
420,Matěj Vydra\Matej-Vydra,cz CZE,FW,Burnley,0.9,0,0,0,2,0,0,0.0,2.17,0.00,0.00,,0.2,0.2,0.08,-0.2,-0.2,Matches
421,Theo Walcott\Theo-Walcott,eng ENG,FWMF,Everton,6.6,0,0,0,19,5,0,26.3,2.87,0.76,0.00,0.00,1.3,1.3,0.07,-1.3,-1.3,Matches
422,Kyle Walker\Kyle-Walker,eng ENG,DF,Manchester City,16.1,1,0,0,11,2,0,18.2,0.68,0.12,0.09,0.50,0.8,0.8,0.07,+0.2,+0.2,Matches
423,Kyle Walker-Peters\Kyle-Walker-Peters,eng ENG,DF,Tottenham,2.7,0,0,0,1,0,0,0.0,0.37,0.00,0.00,,0.0,0.0,0.03,0.0,0.0,Matches
424,Aaron Wan-Bissaka\Aaron-Wan-Bissaka,eng ENG,DF,Manchester Utd,16.9,0,0,0,5,1,0,20.0,0.30,0.06,0.00,0.00,0.2,0.2,0.05,-0.2,-0.2,Matches
425,Victor Wanyama\Victor-Wanyama,ke KEN,MF,Tottenham,0.3,0,0,0,0,0,0,,0.00,0.00,,,0.0,0.0,,0.0,0.0,Matches
426,Joel Ward\Joel-Ward,eng ENG,DFMF,Crystal Palace,12.3,0,0,0,3,1,0,33.3,0.24,0.08,0.00,0.00,0.1,0.1,0.05,-0.1,-0.1,Matches
427,James Ward-Prowse\James-Ward-Prowse,eng ENG,MF,Southampton,20.0,4,1,2,32,15,15,46.9,1.60,0.75,0.09,0.20,4.1,2.4,0.10,-0.1,+0.6,Matches
428,Adam Webster\Adam-Webster,eng ENG,DF,Brighton,14.4,3,0,0,11,6,0,54.5,0.76,0.42,0.27,0.50,0.7,0.7,0.07,+2.3,+2.3,Matches
429,Danny Welbeck\Danny-Welbeck,eng ENG,FWMF,Watford,2.3,0,0,0,5,2,0,40.0,2.14,0.86,0.00,0.00,0.6,0.6,0.13,-0.6,-0.6,Matches
430,Ashley Westwood\Ashley-Westwood,eng ENG,MF,Burnley,17.0,0,0,0,6,0,1,0.0,0.35,0.00,0.00,,0.7,0.7,0.12,-0.7,-0.7,Matches
431,Connor Wickham\Connor-Wickham,eng ENG,FWMF,Crystal Palace,0.3,0,0,0,1,1,0,100.0,3.00,3.00,0.00,0.00,0.4,0.4,0.43,-0.4,-0.4,Matches
432,Georginio Wijnaldum\Georginio-Wijnaldum,nl NED,MF,Liverpool,16.7,2,0,0,23,9,0,39.1,1.38,0.54,0.09,0.22,1.2,1.2,0.05,+0.8,+0.8,Matches
433,Jetro Willems\Jetro-Willems,nl NED,DF,Newcastle Utd,15.0,2,0,0,14,6,0,42.9,0.93,0.40,0.14,0.33,0.6,0.6,0.04,+1.4,+1.4,Matches
434,Brandon Williams\Brandon-Williams,eng ENG,DF,Manchester Utd,4.0,1,0,0,2,2,0,100.0,0.50,0.50,0.50,0.50,0.2,0.2,0.11,+0.8,+0.8,Matches
435,Willian\Willian,br BRA,MF,Chelsea,15.2,4,1,1,37,12,4,32.4,2.44,0.79,0.08,0.25,2.7,2.0,0.05,+1.3,+1.0,Matches
436,Joe Willock\Joe-Willock,eng ENG,MF,Arsenal,6.1,0,0,0,7,3,0,42.9,1.15,0.49,0.00,0.00,0.8,0.8,0.11,-0.8,-0.8,Matches
437,Jack Wilshere\Jack-Wilshere,eng ENG,MF,West Ham,1.9,0,0,0,0,0,0,,0.00,0.00,,,0.0,0.0,,0.0,0.0,Matches
438,Callum Wilson\Callum-Wilson,eng ENG,FW,Bournemouth,17.1,5,0,0,25,12,0,48.0,1.46,0.70,0.20,0.42,5.0,5.0,0.20,0.0,0.0,Matches
439,Harry Wilson\Harry-Wilson,wal WAL,MF,Bournemouth,10.7,6,0,0,30,12,9,40.0,2.79,1.12,0.20,0.50,2.1,2.1,0.07,+3.9,+3.9,Matches
440,Harry Winks\Harry-Winks,eng ENG,MF,Tottenham,11.1,0,0,0,7,2,0,28.6,0.63,0.18,0.00,0.00,0.3,0.3,0.04,-0.3,-0.3,Matches
441,Chris Wood\Chris-Wood,nz NZL,FW,Burnley,16.4,7,0,0,32,17,0,53.1,1.95,1.04,0.22,0.41,6.2,6.2,0.19,+0.8,+0.8,Matches
442,Granit Xhaka\Granit-Xhaka,ch SUI,MF,Arsenal,13.2,0,0,0,7,2,0,28.6,0.53,0.15,0.00,0.00,0.2,0.2,0.03,-0.2,-0.2,Matches
443,Andriy Yarmolenko\Andriy-Yarmolenko,ua UKR,FWMF,West Ham,9.2,3,0,0,20,9,1,45.0,2.17,0.98,0.15,0.33,1.5,1.5,0.07,+1.5,+1.5,Matches
444,DeAndre Yedlin\DeAndre-Yedlin,us USA,DF,Newcastle Utd,7.5,1,0,0,1,1,0,100.0,0.13,0.13,1.00,1.00,0.7,0.7,0.68,+0.3,+0.3,Matches
445,Maya Yoshida\Maya-Yoshida,jp JPN,DF,Southampton,6.2,0,0,0,4,3,0,75.0,0.65,0.48,0.00,0.00,0.6,0.6,0.14,-0.6,-0.6,Matches
446,Ashley Young\Ashley-Young,eng ENG,DFFW,Manchester Utd,10.6,0,0,0,3,0,0,0.0,0.28,0.00,0.00,,0.1,0.1,0.04,-0.1,-0.1,Matches
447,Pablo Zabaleta\Pablo-Zabaleta,ar ARG,DF,West Ham,3.2,0,0,0,0,0,0,,0.00,0.00,,,0.0,0.0,,0.0,0.0,Matches
448,Wilfried Zaha\Wilfried-Zaha,ci CIV,FWMF,Crystal Palace,19.3,3,0,0,30,9,0,30.0,1.56,0.47,0.10,0.33,2.2,2.2,0.07,+0.8,+0.8,Matches
449,Christoph Zimmermann\Christoph-Zimmermann,de GER,DF,Norwich City,8.4,0,0,0,2,0,0,0.0,0.24,0.00,0.00,,0.2,0.2,0.10,-0.2,-0.2,Matches
450,Oleksandr Zinchenko\Oleksandr-Zinchenko,ua UKR,MF,Manchester City,7.6,0,0,0,10,2,0,20.0,1.32,0.26,0.00,0.00,0.3,0.3,0.03,-0.3,-0.3,Matches
451,Kurt Zouma\Kurt-Zouma,fr FRA,DF,Chelsea,17.5,0,0,0,12,4,0,33.3,0.68,0.23,0.00,0.00,0.6,0.6,0.05,-0.6,-0.6,Matches